date,open(t-4),high(t-4),low(t-4),close(t-4),open(t-3),high(t-3),low(t-3),close(t-3),open(t-2),high(t-2),low(t-2),close(t-2),open(t-1),high(t-1),low(t-1),close(t-1),open(t+0),high(t+0),low(t+0),close(t+0),close(t+1)
2021-01-11 00:00:00+00:00,5.5,5.54,5.44,5.51,5.51,5.58,5.47,5.48,5.47,5.48,5.33,5.36,5.36,5.36,5.06,5.13,5.09,5.27,5.04,5.24,5.13
2021-01-12 00:00:00+00:00,5.51,5.58,5.47,5.48,5.47,5.48,5.33,5.36,5.36,5.36,5.06,5.13,5.09,5.27,5.04,5.24,5.24,5.32,5.09,5.13,5.15
2021-01-13 00:00:00+00:00,5.47,5.48,5.33,5.36,5.36,5.36,5.06,5.13,5.09,5.27,5.04,5.24,5.24,5.32,5.09,5.13,5.12,5.25,5.09,5.15,4.99
2021-01-14 00:00:00+00:00,5.36,5.36,5.06,5.13,5.09,5.27,5.04,5.24,5.24,5.32,5.09,5.13,5.12,5.25,5.09,5.15,5.15,5.18,4.96,4.99,5.48
2021-01-15 00:00:00+00:00,5.09,5.27,5.04,5.24,5.24,5.32,5.09,5.13,5.12,5.25,5.09,5.15,5.15,5.18,4.96,4.99,4.99,5.48,4.95,5.48,5.41
2021-01-18 00:00:00+00:00,5.24,5.32,5.09,5.13,5.12,5.25,5.09,5.15,5.15,5.18,4.96,4.99,4.99,5.48,4.95,5.48,5.66,5.69,5.34,5.41,5.45
2021-01-19 00:00:00+00:00,5.12,5.25,5.09,5.15,5.15,5.18,4.96,4.99,4.99,5.48,4.95,5.48,5.66,5.69,5.34,5.41,5.37,5.47,5.32,5.45,5.48
2021-01-20 00:00:00+00:00,5.15,5.18,4.96,4.99,4.99,5.48,4.95,5.48,5.66,5.69,5.34,5.41,5.37,5.47,5.32,5.45,5.44,5.62,5.37,5.48,5.43
2021-01-21 00:00:00+00:00,4.99,5.48,4.95,5.48,5.66,5.69,5.34,5.41,5.37,5.47,5.32,5.45,5.44,5.62,5.37,5.48,5.5,5.53,5.4,5.43,5.43
2021-01-22 00:00:00+00:00,5.66,5.69,5.34,5.41,5.37,5.47,5.32,5.45,5.44,5.62,5.37,5.48,5.5,5.53,5.4,5.43,5.41,5.47,5.34,5.43,5.29
2021-01-25 00:00:00+00:00,5.37,5.47,5.32,5.45,5.44,5.62,5.37,5.48,5.5,5.53,5.4,5.43,5.41,5.47,5.34,5.43,5.43,5.44,5.27,5.29,5.11
2021-01-26 00:00:00+00:00,5.44,5.62,5.37,5.48,5.5,5.53,5.4,5.43,5.41,5.47,5.34,5.43,5.43,5.44,5.27,5.29,5.24,5.26,5.1,5.11,5.12
2021-01-27 00:00:00+00:00,5.5,5.53,5.4,5.43,5.41,5.47,5.34,5.43,5.43,5.44,5.27,5.29,5.24,5.26,5.1,5.11,5.09,5.22,5.08,5.12,5.12
2021-01-28 00:00:00+00:00,5.41,5.47,5.34,5.43,5.43,5.44,5.27,5.29,5.24,5.26,5.1,5.11,5.09,5.22,5.08,5.12,5.11,5.17,5.06,5.12,5.28
2021-01-29 00:00:00+00:00,5.43,5.44,5.27,5.29,5.24,5.26,5.1,5.11,5.09,5.22,5.08,5.12,5.11,5.17,5.06,5.12,5.1,5.32,5.08,5.28,5.08
2021-02-01 00:00:00+00:00,5.24,5.26,5.1,5.11,5.09,5.22,5.08,5.12,5.11,5.17,5.06,5.12,5.1,5.32,5.08,5.28,5.22,5.28,5.02,5.08,5.13
2021-02-02 00:00:00+00:00,5.09,5.22,5.08,5.12,5.11,5.17,5.06,5.12,5.1,5.32,5.08,5.28,5.22,5.28,5.02,5.08,5.08,5.2,5.07,5.13,5.15
2021-02-03 00:00:00+00:00,5.11,5.17,5.06,5.12,5.1,5.32,5.08,5.28,5.22,5.28,5.02,5.08,5.08,5.2,5.07,5.13,5.14,5.24,5.09,5.15,4.99
2021-02-04 00:00:00+00:00,5.1,5.32,5.08,5.28,5.22,5.28,5.02,5.08,5.08,5.2,5.07,5.13,5.14,5.24,5.09,5.15,5.15,5.17,4.97,4.99,4.86
2021-02-05 00:00:00+00:00,5.22,5.28,5.02,5.08,5.08,5.2,5.07,5.13,5.14,5.24,5.09,5.15,5.15,5.17,4.97,4.99,4.99,5.01,4.85,4.86,4.83
2021-02-08 00:00:00+00:00,5.08,5.2,5.07,5.13,5.14,5.24,5.09,5.15,5.15,5.17,4.97,4.99,4.99,5.01,4.85,4.86,4.89,4.96,4.82,4.83,4.9
2021-02-09 00:00:00+00:00,5.14,5.24,5.09,5.15,5.15,5.17,4.97,4.99,4.99,5.01,4.85,4.86,4.89,4.96,4.82,4.83,4.84,4.94,4.84,4.9,4.97
2021-02-10 00:00:00+00:00,5.15,5.17,4.97,4.99,4.99,5.01,4.85,4.86,4.89,4.96,4.82,4.83,4.84,4.94,4.84,4.9,4.85,4.98,4.85,4.97,4.96
2021-02-18 00:00:00+00:00,4.99,5.01,4.85,4.86,4.89,4.96,4.82,4.83,4.84,4.94,4.84,4.9,4.85,4.98,4.85,4.97,4.97,4.99,4.94,4.96,5.08
2021-02-19 00:00:00+00:00,4.89,4.96,4.82,4.83,4.84,4.94,4.84,4.9,4.85,4.98,4.85,4.97,4.97,4.99,4.94,4.96,5.0,5.12,4.99,5.08,5.27
2021-02-22 00:00:00+00:00,4.84,4.94,4.84,4.9,4.85,4.98,4.85,4.97,4.97,4.99,4.94,4.96,5.0,5.12,4.99,5.08,5.09,5.28,5.05,5.27,5.36
2021-02-23 00:00:00+00:00,4.85,4.98,4.85,4.97,4.97,4.99,4.94,4.96,5.0,5.12,4.99,5.08,5.09,5.28,5.05,5.27,5.27,5.44,5.26,5.36,5.24
2021-02-24 00:00:00+00:00,4.97,4.99,4.94,4.96,5.0,5.12,4.99,5.08,5.09,5.28,5.05,5.27,5.27,5.44,5.26,5.36,5.34,5.38,5.22,5.24,5.26
2021-02-25 00:00:00+00:00,5.0,5.12,4.99,5.08,5.09,5.28,5.05,5.27,5.27,5.44,5.26,5.36,5.34,5.38,5.22,5.24,5.24,5.33,5.21,5.26,5.23
2021-02-26 00:00:00+00:00,5.09,5.28,5.05,5.27,5.27,5.44,5.26,5.36,5.34,5.38,5.22,5.24,5.24,5.33,5.21,5.26,5.26,5.31,5.22,5.23,5.24
2021-03-01 00:00:00+00:00,5.27,5.44,5.26,5.36,5.34,5.38,5.22,5.24,5.24,5.33,5.21,5.26,5.26,5.31,5.22,5.23,5.21,5.3,5.16,5.24,5.37
2021-03-02 00:00:00+00:00,5.34,5.38,5.22,5.24,5.24,5.33,5.21,5.26,5.26,5.31,5.22,5.23,5.21,5.3,5.16,5.24,5.24,5.37,5.24,5.37,5.3
2021-03-03 00:00:00+00:00,5.24,5.33,5.21,5.26,5.26,5.31,5.22,5.23,5.21,5.3,5.16,5.24,5.24,5.37,5.24,5.37,5.41,5.41,5.25,5.3,5.34
2021-03-04 00:00:00+00:00,5.26,5.31,5.22,5.23,5.21,5.3,5.16,5.24,5.24,5.37,5.24,5.37,5.41,5.41,5.25,5.3,5.28,5.35,5.26,5.34,5.29
2021-03-05 00:00:00+00:00,5.21,5.3,5.16,5.24,5.24,5.37,5.24,5.37,5.41,5.41,5.25,5.3,5.28,5.35,5.26,5.34,5.34,5.36,5.24,5.29,5.35
2021-03-08 00:00:00+00:00,5.24,5.37,5.24,5.37,5.41,5.41,5.25,5.3,5.28,5.35,5.26,5.34,5.34,5.36,5.24,5.29,5.31,5.36,5.24,5.35,5.29
2021-03-09 00:00:00+00:00,5.41,5.41,5.25,5.3,5.28,5.35,5.26,5.34,5.34,5.36,5.24,5.29,5.31,5.36,5.24,5.35,5.38,5.39,5.28,5.29,5.19
2021-03-10 00:00:00+00:00,5.28,5.35,5.26,5.34,5.34,5.36,5.24,5.29,5.31,5.36,5.24,5.35,5.38,5.39,5.28,5.29,5.3,5.33,5.1,5.19,5.14
2021-03-11 00:00:00+00:00,5.34,5.36,5.24,5.29,5.31,5.36,5.24,5.35,5.38,5.39,5.28,5.29,5.3,5.33,5.1,5.19,5.24,5.24,5.11,5.14,5.19
2021-03-12 00:00:00+00:00,5.31,5.36,5.24,5.35,5.38,5.39,5.28,5.29,5.3,5.33,5.1,5.19,5.24,5.24,5.11,5.14,5.16,5.19,5.1,5.19,5.15
2021-03-15 00:00:00+00:00,5.38,5.39,5.28,5.29,5.3,5.33,5.1,5.19,5.24,5.24,5.11,5.14,5.16,5.19,5.1,5.19,5.18,5.21,5.12,5.15,5.18
2021-03-16 00:00:00+00:00,5.3,5.33,5.1,5.19,5.24,5.24,5.11,5.14,5.16,5.19,5.1,5.19,5.18,5.21,5.12,5.15,5.15,5.19,5.1,5.18,5.32
2021-03-17 00:00:00+00:00,5.24,5.24,5.11,5.14,5.16,5.19,5.1,5.19,5.18,5.21,5.12,5.15,5.15,5.19,5.1,5.18,5.17,5.34,5.17,5.32,5.35
2021-03-18 00:00:00+00:00,5.16,5.19,5.1,5.19,5.18,5.21,5.12,5.15,5.15,5.19,5.1,5.18,5.17,5.34,5.17,5.32,5.29,5.38,5.27,5.35,5.34
2021-03-19 00:00:00+00:00,5.18,5.21,5.12,5.15,5.15,5.19,5.1,5.18,5.17,5.34,5.17,5.32,5.29,5.38,5.27,5.35,5.35,5.38,5.3,5.34,5.42
2021-03-22 00:00:00+00:00,5.15,5.19,5.1,5.18,5.17,5.34,5.17,5.32,5.29,5.38,5.27,5.35,5.35,5.38,5.3,5.34,5.31,5.47,5.29,5.42,5.43
2021-03-23 00:00:00+00:00,5.17,5.34,5.17,5.32,5.29,5.38,5.27,5.35,5.35,5.38,5.3,5.34,5.31,5.47,5.29,5.42,5.45,5.47,5.39,5.43,5.55
2021-03-24 00:00:00+00:00,5.29,5.38,5.27,5.35,5.35,5.38,5.3,5.34,5.31,5.47,5.29,5.42,5.45,5.47,5.39,5.43,5.42,5.61,5.38,5.55,5.45
2021-03-25 00:00:00+00:00,5.35,5.38,5.3,5.34,5.31,5.47,5.29,5.42,5.45,5.47,5.39,5.43,5.42,5.61,5.38,5.55,5.57,5.57,5.39,5.45,5.37
2021-03-26 00:00:00+00:00,5.31,5.47,5.29,5.42,5.45,5.47,5.39,5.43,5.42,5.61,5.38,5.55,5.57,5.57,5.39,5.45,5.4,5.47,5.36,5.37,5.47
2021-03-29 00:00:00+00:00,5.45,5.47,5.39,5.43,5.42,5.61,5.38,5.55,5.57,5.57,5.39,5.45,5.4,5.47,5.36,5.37,5.44,5.6,5.43,5.47,5.54
2021-03-30 00:00:00+00:00,5.42,5.61,5.38,5.55,5.57,5.57,5.39,5.45,5.4,5.47,5.36,5.37,5.44,5.6,5.43,5.47,5.42,5.62,5.39,5.54,5.48
2021-03-31 00:00:00+00:00,5.57,5.57,5.39,5.45,5.4,5.47,5.36,5.37,5.44,5.6,5.43,5.47,5.42,5.62,5.39,5.54,5.53,5.59,5.46,5.48,5.7
2021-04-01 00:00:00+00:00,5.4,5.47,5.36,5.37,5.44,5.6,5.43,5.47,5.42,5.62,5.39,5.54,5.53,5.59,5.46,5.48,5.51,5.75,5.46,5.7,5.67
2021-04-02 00:00:00+00:00,5.44,5.6,5.43,5.47,5.42,5.62,5.39,5.54,5.53,5.59,5.46,5.48,5.51,5.75,5.46,5.7,5.69,5.7,5.62,5.67,5.71
2021-04-06 00:00:00+00:00,5.42,5.62,5.39,5.54,5.53,5.59,5.46,5.48,5.51,5.75,5.46,5.7,5.69,5.7,5.62,5.67,5.68,5.78,5.64,5.71,5.76
2021-04-07 00:00:00+00:00,5.53,5.59,5.46,5.48,5.51,5.75,5.46,5.7,5.69,5.7,5.62,5.67,5.68,5.78,5.64,5.71,5.64,5.78,5.63,5.76,5.89
2021-04-08 00:00:00+00:00,5.51,5.75,5.46,5.7,5.69,5.7,5.62,5.67,5.68,5.78,5.64,5.71,5.64,5.78,5.63,5.76,5.74,5.95,5.69,5.89,5.81
2021-04-09 00:00:00+00:00,5.69,5.7,5.62,5.67,5.68,5.78,5.64,5.71,5.64,5.78,5.63,5.76,5.74,5.95,5.69,5.89,5.9,5.92,5.8,5.81,5.7
2021-04-12 00:00:00+00:00,5.68,5.78,5.64,5.71,5.64,5.78,5.63,5.76,5.74,5.95,5.69,5.89,5.9,5.92,5.8,5.81,5.81,5.85,5.65,5.7,5.68
2021-04-13 00:00:00+00:00,5.64,5.78,5.63,5.76,5.74,5.95,5.69,5.89,5.9,5.92,5.8,5.81,5.81,5.85,5.65,5.7,5.73,5.8,5.65,5.68,5.61
2021-04-14 00:00:00+00:00,5.74,5.95,5.69,5.89,5.9,5.92,5.8,5.81,5.81,5.85,5.65,5.7,5.73,5.8,5.65,5.68,5.66,5.72,5.59,5.61,5.62
2021-04-15 00:00:00+00:00,5.9,5.92,5.8,5.81,5.81,5.85,5.65,5.7,5.73,5.8,5.65,5.68,5.66,5.72,5.59,5.61,5.58,5.66,5.56,5.62,5.61
2021-04-16 00:00:00+00:00,5.81,5.85,5.65,5.7,5.73,5.8,5.65,5.68,5.66,5.72,5.59,5.61,5.58,5.66,5.56,5.62,5.66,5.66,5.6,5.61,5.74
2021-04-19 00:00:00+00:00,5.73,5.8,5.65,5.68,5.66,5.72,5.59,5.61,5.58,5.66,5.56,5.62,5.66,5.66,5.6,5.61,5.63,5.76,5.62,5.74,5.76
2021-04-20 00:00:00+00:00,5.66,5.72,5.59,5.61,5.58,5.66,5.56,5.62,5.66,5.66,5.6,5.61,5.63,5.76,5.62,5.74,5.73,5.78,5.67,5.76,5.73
2021-04-21 00:00:00+00:00,5.58,5.66,5.56,5.62,5.66,5.66,5.6,5.61,5.63,5.76,5.62,5.74,5.73,5.78,5.67,5.76,5.74,5.82,5.72,5.73,5.69
2021-04-22 00:00:00+00:00,5.66,5.66,5.6,5.61,5.63,5.76,5.62,5.74,5.73,5.78,5.67,5.76,5.74,5.82,5.72,5.73,5.78,5.78,5.63,5.69,5.59
2021-04-23 00:00:00+00:00,5.63,5.76,5.62,5.74,5.73,5.78,5.67,5.76,5.74,5.82,5.72,5.73,5.78,5.78,5.63,5.69,5.67,5.72,5.59,5.59,5.53
2021-04-26 00:00:00+00:00,5.73,5.78,5.67,5.76,5.74,5.82,5.72,5.73,5.78,5.78,5.63,5.69,5.67,5.72,5.59,5.59,5.65,5.65,5.51,5.53,5.47
2021-04-27 00:00:00+00:00,5.74,5.82,5.72,5.73,5.78,5.78,5.63,5.69,5.67,5.72,5.59,5.59,5.65,5.65,5.51,5.53,5.53,5.56,5.46,5.47,5.4
2021-04-28 00:00:00+00:00,5.78,5.78,5.63,5.69,5.67,5.72,5.59,5.59,5.65,5.65,5.51,5.53,5.53,5.56,5.46,5.47,5.45,5.52,5.33,5.4,5.42
2021-04-29 00:00:00+00:00,5.67,5.72,5.59,5.59,5.65,5.65,5.51,5.53,5.53,5.56,5.46,5.47,5.45,5.52,5.33,5.4,5.39,5.49,5.37,5.42,5.38
2021-04-30 00:00:00+00:00,5.65,5.65,5.51,5.53,5.53,5.56,5.46,5.47,5.45,5.52,5.33,5.4,5.39,5.49,5.37,5.42,5.41,5.44,5.37,5.38,5.4
2021-05-06 00:00:00+00:00,5.53,5.56,5.46,5.47,5.45,5.52,5.33,5.4,5.39,5.49,5.37,5.42,5.41,5.44,5.37,5.38,5.39,5.57,5.38,5.4,5.36
2021-05-07 00:00:00+00:00,5.45,5.52,5.33,5.4,5.39,5.49,5.37,5.42,5.41,5.44,5.37,5.38,5.39,5.57,5.38,5.4,5.41,5.45,5.35,5.36,5.37
2021-05-10 00:00:00+00:00,5.39,5.49,5.37,5.42,5.41,5.44,5.37,5.38,5.39,5.57,5.38,5.4,5.41,5.45,5.35,5.36,5.36,5.41,5.35,5.37,5.31
2021-05-11 00:00:00+00:00,5.41,5.44,5.37,5.38,5.39,5.57,5.38,5.4,5.41,5.45,5.35,5.36,5.36,5.41,5.35,5.37,5.37,5.39,5.29,5.31,5.38
2021-05-12 00:00:00+00:00,5.39,5.57,5.38,5.4,5.41,5.45,5.35,5.36,5.36,5.41,5.35,5.37,5.37,5.39,5.29,5.31,5.29,5.39,5.26,5.38,5.46
2021-05-13 00:00:00+00:00,5.41,5.45,5.35,5.36,5.36,5.41,5.35,5.37,5.37,5.39,5.29,5.31,5.29,5.39,5.26,5.38,5.37,5.47,5.34,5.46,5.41
2021-05-14 00:00:00+00:00,5.36,5.41,5.35,5.37,5.37,5.39,5.29,5.31,5.29,5.39,5.26,5.38,5.37,5.47,5.34,5.46,5.41,5.47,5.38,5.41,5.47
2021-05-17 00:00:00+00:00,5.37,5.39,5.29,5.31,5.29,5.39,5.26,5.38,5.37,5.47,5.34,5.46,5.41,5.47,5.38,5.41,5.4,5.47,5.39,5.47,5.38
2021-05-18 00:00:00+00:00,5.29,5.39,5.26,5.38,5.37,5.47,5.34,5.46,5.41,5.47,5.38,5.41,5.4,5.47,5.39,5.47,5.47,5.47,5.36,5.38,5.39
2021-05-19 00:00:00+00:00,5.37,5.47,5.34,5.46,5.41,5.47,5.38,5.41,5.4,5.47,5.39,5.47,5.47,5.47,5.36,5.38,5.34,5.41,5.31,5.39,5.34
2021-05-20 00:00:00+00:00,5.41,5.47,5.38,5.41,5.4,5.47,5.39,5.47,5.47,5.47,5.36,5.38,5.34,5.41,5.31,5.39,5.36,5.4,5.33,5.34,5.32
2021-05-21 00:00:00+00:00,5.4,5.47,5.39,5.47,5.47,5.47,5.36,5.38,5.34,5.41,5.31,5.39,5.36,5.4,5.33,5.34,5.34,5.35,5.27,5.32,5.3
2021-05-24 00:00:00+00:00,5.47,5.47,5.36,5.38,5.34,5.41,5.31,5.39,5.36,5.4,5.33,5.34,5.34,5.35,5.27,5.32,5.31,5.33,5.28,5.3,5.33
2021-05-25 00:00:00+00:00,5.34,5.41,5.31,5.39,5.36,5.4,5.33,5.34,5.34,5.35,5.27,5.32,5.31,5.33,5.28,5.3,5.32,5.34,5.24,5.33,5.37
2021-05-26 00:00:00+00:00,5.36,5.4,5.33,5.34,5.34,5.35,5.27,5.32,5.31,5.33,5.28,5.3,5.32,5.34,5.24,5.33,5.35,5.37,5.28,5.37,5.42
2021-05-27 00:00:00+00:00,5.34,5.35,5.27,5.32,5.31,5.33,5.28,5.3,5.32,5.34,5.24,5.33,5.35,5.37,5.28,5.37,5.37,5.46,5.35,5.42,5.44
2021-05-28 00:00:00+00:00,5.31,5.33,5.28,5.3,5.32,5.34,5.24,5.33,5.35,5.37,5.28,5.37,5.37,5.46,5.35,5.42,5.43,5.46,5.4,5.44,5.47
2021-05-31 00:00:00+00:00,5.32,5.34,5.24,5.33,5.35,5.37,5.28,5.37,5.37,5.46,5.35,5.42,5.43,5.46,5.4,5.44,5.44,5.48,5.39,5.47,5.47
2021-06-01 00:00:00+00:00,5.35,5.37,5.28,5.37,5.37,5.46,5.35,5.42,5.43,5.46,5.4,5.44,5.44,5.48,5.39,5.47,5.47,5.48,5.42,5.47,5.5
2021-06-02 00:00:00+00:00,5.37,5.46,5.35,5.42,5.43,5.46,5.4,5.44,5.44,5.48,5.39,5.47,5.47,5.48,5.42,5.47,5.48,5.5,5.44,5.5,5.51
2021-06-03 00:00:00+00:00,5.43,5.46,5.4,5.44,5.44,5.48,5.39,5.47,5.47,5.48,5.42,5.47,5.48,5.5,5.44,5.5,5.5,5.64,5.47,5.51,5.62
2021-06-04 00:00:00+00:00,5.44,5.48,5.39,5.47,5.47,5.48,5.42,5.47,5.48,5.5,5.44,5.5,5.5,5.64,5.47,5.51,5.49,5.81,5.48,5.62,5.54
2021-06-07 00:00:00+00:00,5.47,5.48,5.42,5.47,5.48,5.5,5.44,5.5,5.5,5.64,5.47,5.51,5.49,5.81,5.48,5.62,5.62,5.66,5.49,5.54,5.72
2021-06-08 00:00:00+00:00,5.48,5.5,5.44,5.5,5.5,5.64,5.47,5.51,5.49,5.81,5.48,5.62,5.62,5.66,5.49,5.54,5.53,5.76,5.51,5.72,5.8
2021-06-09 00:00:00+00:00,5.5,5.64,5.47,5.51,5.49,5.81,5.48,5.62,5.62,5.66,5.49,5.54,5.53,5.76,5.51,5.72,5.71,5.95,5.64,5.8,5.79
2021-06-10 00:00:00+00:00,5.49,5.81,5.48,5.62,5.62,5.66,5.49,5.54,5.53,5.76,5.51,5.72,5.71,5.95,5.64,5.8,5.79,5.9,5.72,5.79,5.89
2021-06-11 00:00:00+00:00,5.62,5.66,5.49,5.54,5.53,5.76,5.51,5.72,5.71,5.95,5.64,5.8,5.79,5.9,5.72,5.79,5.82,5.92,5.76,5.89,5.73
2021-06-15 00:00:00+00:00,5.53,5.76,5.51,5.72,5.71,5.95,5.64,5.8,5.79,5.9,5.72,5.79,5.82,5.92,5.76,5.89,5.88,5.94,5.68,5.73,5.78
2021-06-16 00:00:00+00:00,5.71,5.95,5.64,5.8,5.79,5.9,5.72,5.79,5.82,5.92,5.76,5.89,5.88,5.94,5.68,5.73,5.74,5.83,5.68,5.78,5.75
2021-06-17 00:00:00+00:00,5.79,5.9,5.72,5.79,5.82,5.92,5.76,5.89,5.88,5.94,5.68,5.73,5.74,5.83,5.68,5.78,5.74,5.83,5.72,5.75,5.83
2021-06-18 00:00:00+00:00,5.82,5.92,5.76,5.89,5.88,5.94,5.68,5.73,5.74,5.83,5.68,5.78,5.74,5.83,5.72,5.75,5.75,5.84,5.65,5.83,5.9
2021-06-21 00:00:00+00:00,5.88,5.94,5.68,5.73,5.74,5.83,5.68,5.78,5.74,5.83,5.72,5.75,5.75,5.84,5.65,5.83,5.8,5.95,5.76,5.9,5.98
2021-06-22 00:00:00+00:00,5.74,5.83,5.68,5.78,5.74,5.83,5.72,5.75,5.75,5.84,5.65,5.83,5.8,5.95,5.76,5.9,5.86,6.04,5.83,5.98,5.95
2021-06-23 00:00:00+00:00,5.74,5.83,5.72,5.75,5.75,5.84,5.65,5.83,5.8,5.95,5.76,5.9,5.86,6.04,5.83,5.98,5.95,5.99,5.9,5.95,5.93
2021-06-24 00:00:00+00:00,5.75,5.84,5.65,5.83,5.8,5.95,5.76,5.9,5.86,6.04,5.83,5.98,5.95,5.99,5.9,5.95,5.97,5.98,5.86,5.93,5.8
2021-06-25 00:00:00+00:00,5.8,5.95,5.76,5.9,5.86,6.04,5.83,5.98,5.95,5.99,5.9,5.95,5.97,5.98,5.86,5.93,5.91,5.94,5.77,5.8,5.74
2021-06-28 00:00:00+00:00,5.86,6.04,5.83,5.98,5.95,5.99,5.9,5.95,5.97,5.98,5.86,5.93,5.91,5.94,5.77,5.8,5.8,5.83,5.68,5.74,5.74
2021-06-29 00:00:00+00:00,5.95,5.99,5.9,5.95,5.97,5.98,5.86,5.93,5.91,5.94,5.77,5.8,5.8,5.83,5.68,5.74,5.73,5.78,5.68,5.74,5.66
2021-06-30 00:00:00+00:00,5.97,5.98,5.86,5.93,5.91,5.94,5.77,5.8,5.8,5.83,5.68,5.74,5.73,5.78,5.68,5.74,5.73,5.78,5.63,5.66,5.81
2021-07-01 00:00:00+00:00,5.91,5.94,5.77,5.8,5.8,5.83,5.68,5.74,5.73,5.78,5.68,5.74,5.73,5.78,5.63,5.66,5.63,5.83,5.63,5.81,5.7
2021-07-02 00:00:00+00:00,5.8,5.83,5.68,5.74,5.73,5.78,5.68,5.74,5.73,5.78,5.63,5.66,5.63,5.83,5.63,5.81,5.8,5.88,5.68,5.7,5.61
2021-07-05 00:00:00+00:00,5.73,5.78,5.68,5.74,5.73,5.78,5.63,5.66,5.63,5.83,5.63,5.81,5.8,5.88,5.68,5.7,5.74,5.77,5.6,5.61,5.64
2021-07-06 00:00:00+00:00,5.73,5.78,5.63,5.66,5.63,5.83,5.63,5.81,5.8,5.88,5.68,5.7,5.74,5.77,5.6,5.61,5.59,5.7,5.58,5.64,5.67
2021-07-07 00:00:00+00:00,5.63,5.83,5.63,5.81,5.8,5.88,5.68,5.7,5.74,5.77,5.6,5.61,5.59,5.7,5.58,5.64,5.61,5.72,5.6,5.67,5.62
2021-07-08 00:00:00+00:00,5.8,5.88,5.68,5.7,5.74,5.77,5.6,5.61,5.59,5.7,5.58,5.64,5.61,5.72,5.6,5.67,5.65,5.68,5.6,5.62,5.55
2021-07-09 00:00:00+00:00,5.74,5.77,5.6,5.61,5.59,5.7,5.58,5.64,5.61,5.72,5.6,5.67,5.65,5.68,5.6,5.62,5.66,5.66,5.53,5.55,5.56
2021-07-12 00:00:00+00:00,5.59,5.7,5.58,5.64,5.61,5.72,5.6,5.67,5.65,5.68,5.6,5.62,5.66,5.66,5.53,5.55,5.57,5.57,5.48,5.56,5.71
2021-07-13 00:00:00+00:00,5.61,5.72,5.6,5.67,5.65,5.68,5.6,5.62,5.66,5.66,5.53,5.55,5.57,5.57,5.48,5.56,5.59,5.71,5.58,5.71,5.71
2021-07-14 00:00:00+00:00,5.65,5.68,5.6,5.62,5.66,5.66,5.53,5.55,5.57,5.57,5.48,5.56,5.59,5.71,5.58,5.71,5.71,5.8,5.63,5.71,5.59
2021-07-15 00:00:00+00:00,5.66,5.66,5.53,5.55,5.57,5.57,5.48,5.56,5.59,5.71,5.58,5.71,5.71,5.8,5.63,5.71,5.7,5.72,5.59,5.59,5.52
2021-07-16 00:00:00+00:00,5.57,5.57,5.48,5.56,5.59,5.71,5.58,5.71,5.71,5.8,5.63,5.71,5.7,5.72,5.59,5.59,5.59,5.61,5.47,5.52,5.6
2021-07-19 00:00:00+00:00,5.59,5.71,5.58,5.71,5.71,5.8,5.63,5.71,5.7,5.72,5.59,5.59,5.59,5.61,5.47,5.52,5.63,5.73,5.57,5.6,5.47
2021-07-20 00:00:00+00:00,5.71,5.8,5.63,5.71,5.7,5.72,5.59,5.59,5.59,5.61,5.47,5.52,5.63,5.73,5.57,5.6,5.55,5.55,5.41,5.47,5.5
2021-07-21 00:00:00+00:00,5.7,5.72,5.59,5.59,5.59,5.61,5.47,5.52,5.63,5.73,5.57,5.6,5.55,5.55,5.41,5.47,5.45,5.51,5.42,5.5,5.47
2021-07-22 00:00:00+00:00,5.59,5.61,5.47,5.52,5.63,5.73,5.57,5.6,5.55,5.55,5.41,5.47,5.45,5.51,5.42,5.5,5.48,5.54,5.45,5.47,5.52
2021-07-23 00:00:00+00:00,5.63,5.73,5.57,5.6,5.55,5.55,5.41,5.47,5.45,5.51,5.42,5.5,5.48,5.54,5.45,5.47,5.47,5.55,5.43,5.52,5.47
2021-07-26 00:00:00+00:00,5.55,5.55,5.41,5.47,5.45,5.51,5.42,5.5,5.48,5.54,5.45,5.47,5.47,5.55,5.43,5.52,5.56,5.56,5.45,5.47,5.31
2021-07-27 00:00:00+00:00,5.45,5.51,5.42,5.5,5.48,5.54,5.45,5.47,5.47,5.55,5.43,5.52,5.56,5.56,5.45,5.47,5.44,5.44,5.24,5.31,5.3
2021-07-28 00:00:00+00:00,5.48,5.54,5.45,5.47,5.47,5.55,5.43,5.52,5.56,5.56,5.45,5.47,5.44,5.44,5.24,5.31,5.3,5.37,5.28,5.3,5.1
2021-07-29 00:00:00+00:00,5.47,5.55,5.43,5.52,5.56,5.56,5.45,5.47,5.44,5.44,5.24,5.31,5.3,5.37,5.28,5.3,5.29,5.3,5.08,5.1,5.16
2021-07-30 00:00:00+00:00,5.56,5.56,5.45,5.47,5.44,5.44,5.24,5.31,5.3,5.37,5.28,5.3,5.29,5.3,5.08,5.1,5.13,5.18,5.11,5.16,5.17
2021-08-02 00:00:00+00:00,5.44,5.44,5.24,5.31,5.3,5.37,5.28,5.3,5.29,5.3,5.08,5.1,5.13,5.18,5.11,5.16,5.13,5.18,4.98,5.17,5.25
2021-08-03 00:00:00+00:00,5.3,5.37,5.28,5.3,5.29,5.3,5.08,5.1,5.13,5.18,5.11,5.16,5.13,5.18,4.98,5.17,5.17,5.26,5.1,5.25,5.25
2021-08-04 00:00:00+00:00,5.29,5.3,5.08,5.1,5.13,5.18,5.11,5.16,5.13,5.18,4.98,5.17,5.17,5.26,5.1,5.25,5.25,5.31,5.21,5.25,5.21
2021-08-05 00:00:00+00:00,5.13,5.18,5.11,5.16,5.13,5.18,4.98,5.17,5.17,5.26,5.1,5.25,5.25,5.31,5.21,5.25,5.24,5.3,5.17,5.21,5.12
2021-08-06 00:00:00+00:00,5.13,5.18,4.98,5.17,5.17,5.26,5.1,5.25,5.25,5.31,5.21,5.25,5.24,5.3,5.17,5.21,5.21,5.21,5.07,5.12,5.17
2021-08-09 00:00:00+00:00,5.17,5.26,5.1,5.25,5.25,5.31,5.21,5.25,5.24,5.3,5.17,5.21,5.21,5.21,5.07,5.12,5.1,5.17,5.06,5.17,5.2
2021-08-10 00:00:00+00:00,5.25,5.31,5.21,5.25,5.24,5.3,5.17,5.21,5.21,5.21,5.07,5.12,5.1,5.17,5.06,5.17,5.15,5.2,5.13,5.2,5.25
2021-08-11 00:00:00+00:00,5.24,5.3,5.17,5.21,5.21,5.21,5.07,5.12,5.1,5.17,5.06,5.17,5.15,5.2,5.13,5.2,5.19,5.25,5.14,5.25,5.21
2021-08-12 00:00:00+00:00,5.21,5.21,5.07,5.12,5.1,5.17,5.06,5.17,5.15,5.2,5.13,5.2,5.19,5.25,5.14,5.25,5.23,5.25,5.19,5.21,5.23
2021-08-13 00:00:00+00:00,5.1,5.17,5.06,5.17,5.15,5.2,5.13,5.2,5.19,5.25,5.14,5.25,5.23,5.25,5.19,5.21,5.22,5.3,5.22,5.23,5.23
2021-08-16 00:00:00+00:00,5.15,5.2,5.13,5.2,5.19,5.25,5.14,5.25,5.23,5.25,5.19,5.21,5.22,5.3,5.22,5.23,5.25,5.29,5.19,5.23,5.24
2021-08-17 00:00:00+00:00,5.19,5.25,5.14,5.25,5.23,5.25,5.19,5.21,5.22,5.3,5.22,5.23,5.25,5.29,5.19,5.23,5.2,5.29,5.2,5.24,5.12
2021-08-18 00:00:00+00:00,5.23,5.25,5.19,5.21,5.22,5.3,5.22,5.23,5.25,5.29,5.19,5.23,5.2,5.29,5.2,5.24,5.21,5.24,5.09,5.12,5.16
2021-08-19 00:00:00+00:00,5.22,5.3,5.22,5.23,5.25,5.29,5.19,5.23,5.2,5.29,5.2,5.24,5.21,5.24,5.09,5.12,5.12,5.17,5.06,5.16,5.13
2021-08-20 00:00:00+00:00,5.25,5.29,5.19,5.23,5.2,5.29,5.2,5.24,5.21,5.24,5.09,5.12,5.12,5.17,5.06,5.16,5.15,5.18,5.1,5.13,5.11
2021-08-23 00:00:00+00:00,5.2,5.29,5.2,5.24,5.21,5.24,5.09,5.12,5.12,5.17,5.06,5.16,5.15,5.18,5.1,5.13,5.14,5.14,5.06,5.11,5.17
2021-08-24 00:00:00+00:00,5.21,5.24,5.09,5.12,5.12,5.17,5.06,5.16,5.15,5.18,5.1,5.13,5.14,5.14,5.06,5.11,5.11,5.18,5.11,5.17,5.23
2021-08-25 00:00:00+00:00,5.12,5.17,5.06,5.16,5.15,5.18,5.1,5.13,5.14,5.14,5.06,5.11,5.11,5.18,5.11,5.17,5.19,5.25,5.17,5.23,5.25
2021-08-26 00:00:00+00:00,5.15,5.18,5.1,5.13,5.14,5.14,5.06,5.11,5.11,5.18,5.11,5.17,5.19,5.25,5.17,5.23,5.24,5.27,5.21,5.25,5.24
2021-08-27 00:00:00+00:00,5.14,5.14,5.06,5.11,5.11,5.18,5.11,5.17,5.19,5.25,5.17,5.23,5.24,5.27,5.21,5.25,5.25,5.3,5.19,5.24,5.77
2021-08-30 00:00:00+00:00,5.11,5.18,5.11,5.17,5.19,5.25,5.17,5.23,5.24,5.27,5.21,5.25,5.25,5.3,5.19,5.24,5.24,5.77,5.22,5.77,6.34
2021-08-31 00:00:00+00:00,5.19,5.25,5.17,5.23,5.24,5.27,5.21,5.25,5.25,5.3,5.19,5.24,5.24,5.77,5.22,5.77,6.34,6.34,6.34,6.34,6.72
2021-09-01 00:00:00+00:00,5.24,5.27,5.21,5.25,5.25,5.3,5.19,5.24,5.24,5.77,5.22,5.77,6.34,6.34,6.34,6.34,6.49,6.98,6.41,6.72,6.78
2021-09-02 00:00:00+00:00,5.25,5.3,5.19,5.24,5.24,5.77,5.22,5.77,6.34,6.34,6.34,6.34,6.49,6.98,6.41,6.72,6.48,7.32,6.43,6.78,6.72
2021-09-03 00:00:00+00:00,5.24,5.77,5.22,5.77,6.34,6.34,6.34,6.34,6.49,6.98,6.41,6.72,6.48,7.32,6.43,6.78,6.56,7.03,6.46,6.72,6.51
2021-09-06 00:00:00+00:00,6.34,6.34,6.34,6.34,6.49,6.98,6.41,6.72,6.48,7.32,6.43,6.78,6.56,7.03,6.46,6.72,6.72,6.77,6.42,6.51,6.34
2021-09-07 00:00:00+00:00,6.49,6.98,6.41,6.72,6.48,7.32,6.43,6.78,6.56,7.03,6.46,6.72,6.72,6.77,6.42,6.51,6.47,6.55,6.2,6.34,6.36
2021-09-08 00:00:00+00:00,6.48,7.32,6.43,6.78,6.56,7.03,6.46,6.72,6.72,6.77,6.42,6.51,6.47,6.55,6.2,6.34,6.32,6.39,6.27,6.36,6.33
2021-09-09 00:00:00+00:00,6.56,7.03,6.46,6.72,6.72,6.77,6.42,6.51,6.47,6.55,6.2,6.34,6.32,6.39,6.27,6.36,6.42,6.45,6.27,6.33,6.51
2021-09-10 00:00:00+00:00,6.72,6.77,6.42,6.51,6.47,6.55,6.2,6.34,6.32,6.39,6.27,6.36,6.42,6.45,6.27,6.33,6.31,6.58,6.25,6.51,6.26
2021-09-13 00:00:00+00:00,6.47,6.55,6.2,6.34,6.32,6.39,6.27,6.36,6.42,6.45,6.27,6.33,6.31,6.58,6.25,6.51,6.44,6.45,6.24,6.26,6.3
2021-09-14 00:00:00+00:00,6.32,6.39,6.27,6.36,6.42,6.45,6.27,6.33,6.31,6.58,6.25,6.51,6.44,6.45,6.24,6.26,6.24,6.33,6.21,6.3,6.32
2021-09-15 00:00:00+00:00,6.42,6.45,6.27,6.33,6.31,6.58,6.25,6.51,6.44,6.45,6.24,6.26,6.24,6.33,6.21,6.3,6.42,6.52,6.26,6.32,6.18
2021-09-16 00:00:00+00:00,6.31,6.58,6.25,6.51,6.44,6.45,6.24,6.26,6.24,6.33,6.21,6.3,6.42,6.52,6.26,6.32,6.42,6.42,6.1,6.18,6.09
2021-09-17 00:00:00+00:00,6.44,6.45,6.24,6.26,6.24,6.33,6.21,6.3,6.42,6.52,6.26,6.32,6.42,6.42,6.1,6.18,6.16,6.26,6.08,6.09,5.97
2021-09-22 00:00:00+00:00,6.24,6.33,6.21,6.3,6.42,6.52,6.26,6.32,6.42,6.42,6.1,6.18,6.16,6.26,6.08,6.09,6.04,6.11,5.85,5.97,6.06
2021-09-23 00:00:00+00:00,6.42,6.52,6.26,6.32,6.42,6.42,6.1,6.18,6.16,6.26,6.08,6.09,6.04,6.11,5.85,5.97,5.9,6.07,5.86,6.06,6.05
2021-09-24 00:00:00+00:00,6.42,6.42,6.1,6.18,6.16,6.26,6.08,6.09,6.04,6.11,5.85,5.97,5.9,6.07,5.86,6.06,6.08,6.11,6.01,6.05,5.95
2021-09-27 00:00:00+00:00,6.16,6.26,6.08,6.09,6.04,6.11,5.85,5.97,5.9,6.07,5.86,6.06,6.08,6.11,6.01,6.05,6.04,6.07,5.94,5.95,5.85
2021-09-28 00:00:00+00:00,6.04,6.11,5.85,5.97,5.9,6.07,5.86,6.06,6.08,6.11,6.01,6.05,6.04,6.07,5.94,5.95,5.96,6.03,5.79,5.85,5.89
2021-09-29 00:00:00+00:00,5.9,6.07,5.86,6.06,6.08,6.11,6.01,6.05,6.04,6.07,5.94,5.95,5.96,6.03,5.79,5.85,5.84,5.89,5.79,5.89,5.67
2021-09-30 00:00:00+00:00,6.08,6.11,6.01,6.05,6.04,6.07,5.94,5.95,5.96,6.03,5.79,5.85,5.84,5.89,5.79,5.89,5.85,5.85,5.67,5.67,5.82
2021-10-08 00:00:00+00:00,6.04,6.07,5.94,5.95,5.96,6.03,5.79,5.85,5.84,5.89,5.79,5.89,5.85,5.85,5.67,5.67,5.72,5.82,5.67,5.82,5.91
2021-10-11 00:00:00+00:00,5.96,6.03,5.79,5.85,5.84,5.89,5.79,5.89,5.85,5.85,5.67,5.67,5.72,5.82,5.67,5.82,5.84,5.96,5.83,5.91,5.96
2021-10-12 00:00:00+00:00,5.84,5.89,5.79,5.89,5.85,5.85,5.67,5.67,5.72,5.82,5.67,5.82,5.84,5.96,5.83,5.91,5.83,5.97,5.79,5.96,5.78
2021-10-13 00:00:00+00:00,5.85,5.85,5.67,5.67,5.72,5.82,5.67,5.82,5.84,5.96,5.83,5.91,5.83,5.97,5.79,5.96,6.08,6.08,5.71,5.78,5.86
2021-10-14 00:00:00+00:00,5.72,5.82,5.67,5.82,5.84,5.96,5.83,5.91,5.83,5.97,5.79,5.96,6.08,6.08,5.71,5.78,5.74,5.88,5.72,5.86,5.82
2021-10-15 00:00:00+00:00,5.84,5.96,5.83,5.91,5.83,5.97,5.79,5.96,6.08,6.08,5.71,5.78,5.74,5.88,5.72,5.86,5.88,5.88,5.79,5.82,5.92
2021-10-18 00:00:00+00:00,5.83,5.97,5.79,5.96,6.08,6.08,5.71,5.78,5.74,5.88,5.72,5.86,5.88,5.88,5.79,5.82,5.83,6.07,5.81,5.92,5.9
2021-10-19 00:00:00+00:00,6.08,6.08,5.71,5.78,5.74,5.88,5.72,5.86,5.88,5.88,5.79,5.82,5.83,6.07,5.81,5.92,6.04,6.04,5.79,5.9,5.91
2021-10-20 00:00:00+00:00,5.74,5.88,5.72,5.86,5.88,5.88,5.79,5.82,5.83,6.07,5.81,5.92,6.04,6.04,5.79,5.9,5.88,5.96,5.85,5.91,6.12
2021-10-21 00:00:00+00:00,5.88,5.88,5.79,5.82,5.83,6.07,5.81,5.92,6.04,6.04,5.79,5.9,5.88,5.96,5.85,5.91,6.03,6.21,5.98,6.12,6.0
2021-10-22 00:00:00+00:00,5.83,6.07,5.81,5.92,6.04,6.04,5.79,5.9,5.88,5.96,5.85,5.91,6.03,6.21,5.98,6.12,6.03,6.08,5.96,6.0,5.9
2021-10-25 00:00:00+00:00,6.04,6.04,5.79,5.9,5.88,5.96,5.85,5.91,6.03,6.21,5.98,6.12,6.03,6.08,5.96,6.0,5.96,6.0,5.88,5.9,5.82
2021-10-26 00:00:00+00:00,5.88,5.96,5.85,5.91,6.03,6.21,5.98,6.12,6.03,6.08,5.96,6.0,5.96,6.0,5.88,5.9,5.89,5.9,5.78,5.82,5.79
2021-10-27 00:00:00+00:00,6.03,6.21,5.98,6.12,6.03,6.08,5.96,6.0,5.96,6.0,5.88,5.9,5.89,5.9,5.78,5.82,5.82,5.86,5.79,5.79,5.74
2021-10-28 00:00:00+00:00,6.03,6.08,5.96,6.0,5.96,6.0,5.88,5.9,5.89,5.9,5.78,5.82,5.82,5.86,5.79,5.79,5.78,5.9,5.72,5.74,5.34
2021-10-29 00:00:00+00:00,5.96,6.0,5.88,5.9,5.89,5.9,5.78,5.82,5.82,5.86,5.79,5.79,5.78,5.9,5.72,5.74,5.85,5.85,5.34,5.34,5.44
2021-11-01 00:00:00+00:00,5.89,5.9,5.78,5.82,5.82,5.86,5.79,5.79,5.78,5.9,5.72,5.74,5.85,5.85,5.34,5.34,5.32,5.47,5.3,5.44,5.43
2021-11-02 00:00:00+00:00,5.82,5.86,5.79,5.79,5.78,5.9,5.72,5.74,5.85,5.85,5.34,5.34,5.32,5.47,5.3,5.44,5.44,5.52,5.4,5.43,5.36
2021-11-03 00:00:00+00:00,5.78,5.9,5.72,5.74,5.85,5.85,5.34,5.34,5.32,5.47,5.3,5.44,5.44,5.52,5.4,5.43,5.49,5.56,5.31,5.36,5.39
2021-11-04 00:00:00+00:00,5.85,5.85,5.34,5.34,5.32,5.47,5.3,5.44,5.44,5.52,5.4,5.43,5.49,5.56,5.31,5.36,5.37,5.44,5.35,5.39,5.41
2021-11-05 00:00:00+00:00,5.32,5.47,5.3,5.44,5.44,5.52,5.4,5.43,5.49,5.56,5.31,5.36,5.37,5.44,5.35,5.39,5.38,5.43,5.35,5.41,5.47
2021-11-08 00:00:00+00:00,5.44,5.52,5.4,5.43,5.49,5.56,5.31,5.36,5.37,5.44,5.35,5.39,5.38,5.43,5.35,5.41,5.39,5.59,5.39,5.47,5.51
2021-11-09 00:00:00+00:00,5.49,5.56,5.31,5.36,5.37,5.44,5.35,5.39,5.38,5.43,5.35,5.41,5.39,5.59,5.39,5.47,5.52,5.52,5.42,5.51,5.54
2021-11-10 00:00:00+00:00,5.37,5.44,5.35,5.39,5.38,5.43,5.35,5.41,5.39,5.59,5.39,5.47,5.52,5.52,5.42,5.51,5.52,5.56,5.47,5.54,5.59
2021-11-11 00:00:00+00:00,5.38,5.43,5.35,5.41,5.39,5.59,5.39,5.47,5.52,5.52,5.42,5.51,5.52,5.56,5.47,5.54,5.54,5.6,5.47,5.59,5.68
2021-11-12 00:00:00+00:00,5.39,5.59,5.39,5.47,5.52,5.52,5.42,5.51,5.52,5.56,5.47,5.54,5.54,5.6,5.47,5.59,5.55,5.73,5.55,5.68,5.9
2021-11-15 00:00:00+00:00,5.52,5.52,5.42,5.51,5.52,5.56,5.47,5.54,5.54,5.6,5.47,5.59,5.55,5.73,5.55,5.68,5.82,5.93,5.68,5.9,6.04
2021-11-16 00:00:00+00:00,5.52,5.56,5.47,5.54,5.54,5.6,5.47,5.59,5.55,5.73,5.55,5.68,5.82,5.93,5.68,5.9,5.84,6.11,5.83,6.04,5.95
2021-11-17 00:00:00+00:00,5.54,5.6,5.47,5.59,5.55,5.73,5.55,5.68,5.82,5.93,5.68,5.9,5.84,6.11,5.83,6.04,6.03,6.06,5.93,5.95,6.13
2021-11-18 00:00:00+00:00,5.55,5.73,5.55,5.68,5.82,5.93,5.68,5.9,5.84,6.11,5.83,6.04,6.03,6.06,5.93,5.95,5.98,6.13,5.97,6.13,6.06
2021-11-19 00:00:00+00:00,5.82,5.93,5.68,5.9,5.84,6.11,5.83,6.04,6.03,6.06,5.93,5.95,5.98,6.13,5.97,6.13,6.19,6.19,6.06,6.06,6.08
2021-11-22 00:00:00+00:00,5.84,6.11,5.83,6.04,6.03,6.06,5.93,5.95,5.98,6.13,5.97,6.13,6.19,6.19,6.06,6.06,6.05,6.14,6.02,6.08,6.02
2021-11-23 00:00:00+00:00,6.03,6.06,5.93,5.95,5.98,6.13,5.97,6.13,6.19,6.19,6.06,6.06,6.05,6.14,6.02,6.08,6.08,6.08,5.96,6.02,6.0
2021-11-24 00:00:00+00:00,5.98,6.13,5.97,6.13,6.19,6.19,6.06,6.06,6.05,6.14,6.02,6.08,6.08,6.08,5.96,6.02,6.01,6.07,5.98,6.0,5.99
2021-11-25 00:00:00+00:00,6.19,6.19,6.06,6.06,6.05,6.14,6.02,6.08,6.08,6.08,5.96,6.02,6.01,6.07,5.98,6.0,6.02,6.06,5.98,5.99,5.98
2021-11-26 00:00:00+00:00,6.05,6.14,6.02,6.08,6.08,6.08,5.96,6.02,6.01,6.07,5.98,6.0,6.02,6.06,5.98,5.99,6.03,6.05,5.94,5.98,5.98
2021-11-29 00:00:00+00:00,6.08,6.08,5.96,6.02,6.01,6.07,5.98,6.0,6.02,6.06,5.98,5.99,6.03,6.05,5.94,5.98,5.99,6.02,5.88,5.98,5.84
2021-11-30 00:00:00+00:00,6.01,6.07,5.98,6.0,6.02,6.06,5.98,5.99,6.03,6.05,5.94,5.98,5.99,6.02,5.88,5.98,5.89,5.91,5.82,5.84,6.05
2021-12-01 00:00:00+00:00,6.02,6.06,5.98,5.99,6.03,6.05,5.94,5.98,5.99,6.02,5.88,5.98,5.89,5.91,5.82,5.84,5.85,6.09,5.83,6.05,6.14
2021-12-02 00:00:00+00:00,6.03,6.05,5.94,5.98,5.99,6.02,5.88,5.98,5.89,5.91,5.82,5.84,5.85,6.09,5.83,6.05,6.04,6.16,5.96,6.14,6.05
2021-12-03 00:00:00+00:00,5.99,6.02,5.88,5.98,5.89,5.91,5.82,5.84,5.85,6.09,5.83,6.05,6.04,6.16,5.96,6.14,6.13,6.2,6.03,6.05,6.02
2021-12-06 00:00:00+00:00,5.89,5.91,5.82,5.84,5.85,6.09,5.83,6.05,6.04,6.16,5.96,6.14,6.13,6.2,6.03,6.05,6.1,6.11,6.0,6.02,5.94
2021-12-07 00:00:00+00:00,5.85,6.09,5.83,6.05,6.04,6.16,5.96,6.14,6.13,6.2,6.03,6.05,6.1,6.11,6.0,6.02,6.02,6.04,5.94,5.94,5.85
2021-12-08 00:00:00+00:00,6.04,6.16,5.96,6.14,6.13,6.2,6.03,6.05,6.1,6.11,6.0,6.02,6.02,6.04,5.94,5.94,5.96,5.99,5.83,5.85,6.03
2021-12-09 00:00:00+00:00,6.13,6.2,6.03,6.05,6.1,6.11,6.0,6.02,6.02,6.04,5.94,5.94,5.96,5.99,5.83,5.85,5.86,6.07,5.81,6.03,5.99
2021-12-10 00:00:00+00:00,6.1,6.11,6.0,6.02,6.02,6.04,5.94,5.94,5.96,5.99,5.83,5.85,5.86,6.07,5.81,6.03,6.02,6.03,5.97,5.99,5.91
2021-12-13 00:00:00+00:00,6.02,6.04,5.94,5.94,5.96,5.99,5.83,5.85,5.86,6.07,5.81,6.03,6.02,6.03,5.97,5.99,5.98,5.99,5.89,5.91,6.03
2021-12-14 00:00:00+00:00,5.96,5.99,5.83,5.85,5.86,6.07,5.81,6.03,6.02,6.03,5.97,5.99,5.98,5.99,5.89,5.91,5.92,6.04,5.87,6.03,6.02
2021-12-15 00:00:00+00:00,5.86,6.07,5.81,6.03,6.02,6.03,5.97,5.99,5.98,5.99,5.89,5.91,5.92,6.04,5.87,6.03,6.01,6.07,5.95,6.02,6.14
2021-12-16 00:00:00+00:00,6.02,6.03,5.97,5.99,5.98,5.99,5.89,5.91,5.92,6.04,5.87,6.03,6.01,6.07,5.95,6.02,6.01,6.21,5.99,6.14,6.13
2021-12-17 00:00:00+00:00,5.98,5.99,5.89,5.91,5.92,6.04,5.87,6.03,6.01,6.07,5.95,6.02,6.01,6.21,5.99,6.14,6.19,6.19,6.1,6.13,6.06
2021-12-20 00:00:00+00:00,5.92,6.04,5.87,6.03,6.01,6.07,5.95,6.02,6.01,6.21,5.99,6.14,6.19,6.19,6.1,6.13,6.11,6.17,6.05,6.06,6.09
2021-12-21 00:00:00+00:00,6.01,6.07,5.95,6.02,6.01,6.21,5.99,6.14,6.19,6.19,6.1,6.13,6.11,6.17,6.05,6.06,6.06,6.14,6.03,6.09,6.2
2021-12-22 00:00:00+00:00,6.01,6.21,5.99,6.14,6.19,6.19,6.1,6.13,6.11,6.17,6.05,6.06,6.06,6.14,6.03,6.09,6.08,6.2,6.06,6.2,6.43
2021-12-23 00:00:00+00:00,6.19,6.19,6.1,6.13,6.11,6.17,6.05,6.06,6.06,6.14,6.03,6.09,6.08,6.2,6.06,6.2,6.3,6.67,6.21,6.43,6.4
2021-12-24 00:00:00+00:00,6.11,6.17,6.05,6.06,6.06,6.14,6.03,6.09,6.08,6.2,6.06,6.2,6.3,6.67,6.21,6.43,6.34,6.48,6.29,6.4,6.24
2021-12-27 00:00:00+00:00,6.06,6.14,6.03,6.09,6.08,6.2,6.06,6.2,6.3,6.67,6.21,6.43,6.34,6.48,6.29,6.4,6.36,6.44,6.21,6.24,6.17
2021-12-28 00:00:00+00:00,6.08,6.2,6.06,6.2,6.3,6.67,6.21,6.43,6.34,6.48,6.29,6.4,6.36,6.44,6.21,6.24,6.22,6.26,6.1,6.17,6.33
2021-12-29 00:00:00+00:00,6.3,6.67,6.21,6.43,6.34,6.48,6.29,6.4,6.36,6.44,6.21,6.24,6.22,6.26,6.1,6.17,6.18,6.4,6.16,6.33,6.25
2021-12-30 00:00:00+00:00,6.34,6.48,6.29,6.4,6.36,6.44,6.21,6.24,6.22,6.26,6.1,6.17,6.18,6.4,6.16,6.33,6.31,6.33,6.19,6.25,6.4
2021-12-31 00:00:00+00:00,6.36,6.44,6.21,6.24,6.22,6.26,6.1,6.17,6.18,6.4,6.16,6.33,6.31,6.33,6.19,6.25,6.24,6.47,6.22,6.4,6.43
2022-01-04 00:00:00+00:00,6.22,6.26,6.1,6.17,6.18,6.4,6.16,6.33,6.31,6.33,6.19,6.25,6.24,6.47,6.22,6.4,6.42,6.47,6.36,6.43,6.54
2022-01-05 00:00:00+00:00,6.18,6.4,6.16,6.33,6.31,6.33,6.19,6.25,6.24,6.47,6.22,6.4,6.42,6.47,6.36,6.43,6.49,6.6,6.42,6.54,6.45
2022-01-06 00:00:00+00:00,6.31,6.33,6.19,6.25,6.24,6.47,6.22,6.4,6.42,6.47,6.36,6.43,6.49,6.6,6.42,6.54,6.51,6.6,6.38,6.45,6.38
2022-01-07 00:00:00+00:00,6.24,6.47,6.22,6.4,6.42,6.47,6.36,6.43,6.49,6.6,6.42,6.54,6.51,6.6,6.38,6.45,6.4,6.46,6.3,6.38,6.21
2022-01-10 00:00:00+00:00,6.42,6.47,6.36,6.43,6.49,6.6,6.42,6.54,6.51,6.6,6.38,6.45,6.4,6.46,6.3,6.38,6.38,6.5,6.2,6.21,6.27
2022-01-11 00:00:00+00:00,6.49,6.6,6.42,6.54,6.51,6.6,6.38,6.45,6.4,6.46,6.3,6.38,6.38,6.5,6.2,6.21,6.25,6.36,6.11,6.27,6.22
2022-01-12 00:00:00+00:00,6.51,6.6,6.38,6.45,6.4,6.46,6.3,6.38,6.38,6.5,6.2,6.21,6.25,6.36,6.11,6.27,6.33,6.49,6.2,6.22,6.27
2022-01-13 00:00:00+00:00,6.4,6.46,6.3,6.38,6.38,6.5,6.2,6.21,6.25,6.36,6.11,6.27,6.33,6.49,6.2,6.22,6.24,6.38,6.22,6.27,6.32
2022-01-14 00:00:00+00:00,6.38,6.5,6.2,6.21,6.25,6.36,6.11,6.27,6.33,6.49,6.2,6.22,6.24,6.38,6.22,6.27,6.36,6.58,6.29,6.32,6.36
2022-01-17 00:00:00+00:00,6.25,6.36,6.11,6.27,6.33,6.49,6.2,6.22,6.24,6.38,6.22,6.27,6.36,6.58,6.29,6.32,6.26,6.47,6.19,6.36,6.76
2022-01-18 00:00:00+00:00,6.33,6.49,6.2,6.22,6.24,6.38,6.22,6.27,6.36,6.58,6.29,6.32,6.26,6.47,6.19,6.36,6.46,6.87,6.45,6.76,6.76
2022-01-19 00:00:00+00:00,6.24,6.38,6.22,6.27,6.36,6.58,6.29,6.32,6.26,6.47,6.19,6.36,6.46,6.87,6.45,6.76,6.8,6.99,6.7,6.76,7.01
2022-01-20 00:00:00+00:00,6.36,6.58,6.29,6.32,6.26,6.47,6.19,6.36,6.46,6.87,6.45,6.76,6.8,6.99,6.7,6.76,6.75,7.07,6.66,7.01,6.88
2022-01-21 00:00:00+00:00,6.26,6.47,6.19,6.36,6.46,6.87,6.45,6.76,6.8,6.99,6.7,6.76,6.75,7.07,6.66,7.01,6.93,6.99,6.78,6.88,6.92
2022-01-24 00:00:00+00:00,6.46,6.87,6.45,6.76,6.8,6.99,6.7,6.76,6.75,7.07,6.66,7.01,6.93,6.99,6.78,6.88,6.78,7.1,6.77,6.92,6.95
2022-01-25 00:00:00+00:00,6.8,6.99,6.7,6.76,6.75,7.07,6.66,7.01,6.93,6.99,6.78,6.88,6.78,7.1,6.77,6.92,6.83,7.06,6.82,6.95,6.59
2022-01-26 00:00:00+00:00,6.75,7.07,6.66,7.01,6.93,6.99,6.78,6.88,6.78,7.1,6.77,6.92,6.83,7.06,6.82,6.95,6.91,6.93,6.58,6.59,6.69
2022-01-27 00:00:00+00:00,6.93,6.99,6.78,6.88,6.78,7.1,6.77,6.92,6.83,7.06,6.82,6.95,6.91,6.93,6.58,6.59,6.56,6.77,6.5,6.69,6.12
2022-01-28 00:00:00+00:00,6.78,7.1,6.77,6.92,6.83,7.06,6.82,6.95,6.91,6.93,6.58,6.59,6.56,6.77,6.5,6.69,6.62,6.69,6.11,6.12,6.26
2022-02-07 00:00:00+00:00,6.83,7.06,6.82,6.95,6.91,6.93,6.58,6.59,6.56,6.77,6.5,6.69,6.62,6.69,6.11,6.12,6.12,6.44,6.12,6.26,6.25
2022-02-08 00:00:00+00:00,6.91,6.93,6.58,6.59,6.56,6.77,6.5,6.69,6.62,6.69,6.11,6.12,6.12,6.44,6.12,6.26,6.37,6.39,6.19,6.25,6.53
2022-02-09 00:00:00+00:00,6.56,6.77,6.5,6.69,6.62,6.69,6.11,6.12,6.12,6.44,6.12,6.26,6.37,6.39,6.19,6.25,6.25,6.54,6.11,6.53,6.83
2022-02-10 00:00:00+00:00,6.62,6.69,6.11,6.12,6.12,6.44,6.12,6.26,6.37,6.39,6.19,6.25,6.25,6.54,6.11,6.53,6.5,6.85,6.46,6.83,6.78
2022-02-11 00:00:00+00:00,6.12,6.44,6.12,6.26,6.37,6.39,6.19,6.25,6.25,6.54,6.11,6.53,6.5,6.85,6.46,6.83,6.83,6.85,6.71,6.78,6.65
2022-02-14 00:00:00+00:00,6.37,6.39,6.19,6.25,6.25,6.54,6.11,6.53,6.5,6.85,6.46,6.83,6.83,6.85,6.71,6.78,6.77,6.79,6.62,6.65,6.53
2022-02-15 00:00:00+00:00,6.25,6.54,6.11,6.53,6.5,6.85,6.46,6.83,6.83,6.85,6.71,6.78,6.77,6.79,6.62,6.65,6.6,6.72,6.48,6.53,6.53
2022-02-16 00:00:00+00:00,6.5,6.85,6.46,6.83,6.83,6.85,6.71,6.78,6.77,6.79,6.62,6.65,6.6,6.72,6.48,6.53,6.52,6.63,6.44,6.53,6.53
2022-02-17 00:00:00+00:00,6.83,6.85,6.71,6.78,6.77,6.79,6.62,6.65,6.6,6.72,6.48,6.53,6.52,6.63,6.44,6.53,6.63,6.83,6.48,6.53,6.4
2022-02-18 00:00:00+00:00,6.77,6.79,6.62,6.65,6.6,6.72,6.48,6.53,6.52,6.63,6.44,6.53,6.63,6.83,6.48,6.53,6.48,6.61,6.37,6.4,7.04
2022-02-21 00:00:00+00:00,6.6,6.72,6.48,6.53,6.52,6.63,6.44,6.53,6.63,6.83,6.48,6.53,6.48,6.61,6.37,6.4,6.58,7.04,6.51,7.04,7.75
2022-02-22 00:00:00+00:00,6.52,6.63,6.44,6.53,6.63,6.83,6.48,6.53,6.48,6.61,6.37,6.4,6.58,7.04,6.51,7.04,7.75,7.75,7.75,7.75,8.52
2022-02-23 00:00:00+00:00,6.63,6.83,6.48,6.53,6.48,6.61,6.37,6.4,6.58,7.04,6.51,7.04,7.75,7.75,7.75,7.75,8.52,8.52,8.24,8.52,8.66
2022-02-24 00:00:00+00:00,6.48,6.61,6.37,6.4,6.58,7.04,6.51,7.04,7.75,7.75,7.75,7.75,8.52,8.52,8.24,8.52,8.53,9.3,8.3,8.66,7.8
2022-02-25 00:00:00+00:00,6.58,7.04,6.51,7.04,7.75,7.75,7.75,7.75,8.52,8.52,8.24,8.52,8.53,9.3,8.3,8.66,8.33,8.86,7.8,7.8,7.55
2022-02-28 00:00:00+00:00,7.75,7.75,7.75,7.75,8.52,8.52,8.24,8.52,8.53,9.3,8.3,8.66,8.33,8.86,7.8,7.8,7.77,7.91,7.45,7.55,7.51
2022-03-01 00:00:00+00:00,8.52,8.52,8.24,8.52,8.53,9.3,8.3,8.66,8.33,8.86,7.8,7.8,7.77,7.91,7.45,7.55,7.5,7.6,7.2,7.51,8.0
2022-03-02 00:00:00+00:00,8.53,9.3,8.3,8.66,8.33,8.86,7.8,7.8,7.77,7.91,7.45,7.55,7.5,7.6,7.2,7.51,7.48,8.06,7.42,8.0,7.85
2022-03-03 00:00:00+00:00,8.33,8.86,7.8,7.8,7.77,7.91,7.45,7.55,7.5,7.6,7.2,7.51,7.48,8.06,7.42,8.0,7.77,7.98,7.74,7.85,7.64
2022-03-04 00:00:00+00:00,7.77,7.91,7.45,7.55,7.5,7.6,7.2,7.51,7.48,8.06,7.42,8.0,7.77,7.98,7.74,7.85,7.83,7.97,7.61,7.64,7.39
2022-03-07 00:00:00+00:00,7.5,7.6,7.2,7.51,7.48,8.06,7.42,8.0,7.77,7.98,7.74,7.85,7.83,7.97,7.61,7.64,7.59,7.7,7.32,7.39,7.46
2022-03-08 00:00:00+00:00,7.48,8.06,7.42,8.0,7.77,7.98,7.74,7.85,7.83,7.97,7.61,7.64,7.59,7.7,7.32,7.39,7.3,7.59,7.25,7.46,8.2
2022-03-09 00:00:00+00:00,7.77,7.98,7.74,7.85,7.83,7.97,7.61,7.64,7.59,7.7,7.32,7.39,7.3,7.59,7.25,7.46,7.44,8.2,7.4,8.2,8.52
2022-03-10 00:00:00+00:00,7.83,7.97,7.61,7.64,7.59,7.7,7.32,7.39,7.3,7.59,7.25,7.46,7.44,8.2,7.4,8.2,7.98,8.8,7.77,8.52,8.16
2022-03-11 00:00:00+00:00,7.59,7.7,7.32,7.39,7.3,7.59,7.25,7.46,7.44,8.2,7.4,8.2,7.98,8.8,7.77,8.52,8.51,8.51,8.07,8.16,8.21
2022-03-14 00:00:00+00:00,7.3,7.59,7.25,7.46,7.44,8.2,7.4,8.2,7.98,8.8,7.77,8.52,8.51,8.51,8.07,8.16,7.92,8.37,7.89,8.21,8.35
2022-03-15 00:00:00+00:00,7.44,8.2,7.4,8.2,7.98,8.8,7.77,8.52,8.51,8.51,8.07,8.16,7.92,8.37,7.89,8.21,8.01,8.6,7.96,8.35,7.58
2022-03-16 00:00:00+00:00,7.98,8.8,7.77,8.52,8.51,8.51,8.07,8.16,7.92,8.37,7.89,8.21,8.01,8.6,7.96,8.35,8.14,8.4,7.58,7.58,8.34
2022-03-17 00:00:00+00:00,8.51,8.51,8.07,8.16,7.92,8.37,7.89,8.21,8.01,8.6,7.96,8.35,8.14,8.4,7.58,7.58,7.77,8.34,7.42,8.34,8.78
2022-03-18 00:00:00+00:00,7.92,8.37,7.89,8.21,8.01,8.6,7.96,8.35,8.14,8.4,7.58,7.58,7.77,8.34,7.42,8.34,8.57,8.89,8.3,8.78,8.63
2022-03-21 00:00:00+00:00,8.01,8.6,7.96,8.35,8.14,8.4,7.58,7.58,7.77,8.34,7.42,8.34,8.57,8.89,8.3,8.78,8.52,8.76,8.36,8.63,9.49
2022-03-22 00:00:00+00:00,8.14,8.4,7.58,7.58,7.77,8.34,7.42,8.34,8.57,8.89,8.3,8.78,8.52,8.76,8.36,8.63,8.56,9.49,8.42,9.49,9.27
2022-03-23 00:00:00+00:00,7.77,8.34,7.42,8.34,8.57,8.89,8.3,8.78,8.52,8.76,8.36,8.63,8.56,9.49,8.42,9.49,9.59,10.44,9.26,9.27,8.81
2022-03-24 00:00:00+00:00,8.57,8.89,8.3,8.78,8.52,8.76,8.36,8.63,8.56,9.49,8.42,9.49,9.59,10.44,9.26,9.27,9.06,9.35,8.64,8.81,8.5
2022-03-25 00:00:00+00:00,8.52,8.76,8.36,8.63,8.56,9.49,8.42,9.49,9.59,10.44,9.26,9.27,9.06,9.35,8.64,8.81,8.67,8.83,8.42,8.5,8.53
2022-03-28 00:00:00+00:00,8.56,9.49,8.42,9.49,9.59,10.44,9.26,9.27,9.06,9.35,8.64,8.81,8.67,8.83,8.42,8.5,8.42,8.77,8.42,8.53,8.62
2022-03-29 00:00:00+00:00,9.59,10.44,9.26,9.27,9.06,9.35,8.64,8.81,8.67,8.83,8.42,8.5,8.42,8.77,8.42,8.53,8.46,8.71,8.23,8.62,8.09
2022-03-30 00:00:00+00:00,9.06,9.35,8.64,8.81,8.67,8.83,8.42,8.5,8.42,8.77,8.42,8.53,8.46,8.71,8.23,8.62,8.56,8.57,8.01,8.09,8.18
2022-03-31 00:00:00+00:00,8.67,8.83,8.42,8.5,8.42,8.77,8.42,8.53,8.46,8.71,8.23,8.62,8.56,8.57,8.01,8.09,8.11,8.25,7.9,8.18,8.45
2022-04-01 00:00:00+00:00,8.42,8.77,8.42,8.53,8.46,8.71,8.23,8.62,8.56,8.57,8.01,8.09,8.11,8.25,7.9,8.18,8.11,8.49,7.98,8.45,8.07
2022-04-06 00:00:00+00:00,8.46,8.71,8.23,8.62,8.56,8.57,8.01,8.09,8.11,8.25,7.9,8.18,8.11,8.49,7.98,8.45,8.32,8.38,8.04,8.07,8.07
2022-04-07 00:00:00+00:00,8.56,8.57,8.01,8.09,8.11,8.25,7.9,8.18,8.11,8.49,7.98,8.45,8.32,8.38,8.04,8.07,8.06,8.19,7.98,8.07,7.52
2022-04-08 00:00:00+00:00,8.11,8.25,7.9,8.18,8.11,8.49,7.98,8.45,8.32,8.38,8.04,8.07,8.06,8.19,7.98,8.07,8.07,8.07,7.52,7.52,7.67
2022-04-11 00:00:00+00:00,8.11,8.49,7.98,8.45,8.32,8.38,8.04,8.07,8.06,8.19,7.98,8.07,8.07,8.07,7.52,7.52,7.51,7.78,7.37,7.67,7.7
2022-04-12 00:00:00+00:00,8.32,8.38,8.04,8.07,8.06,8.19,7.98,8.07,8.07,8.07,7.52,7.52,7.51,7.78,7.37,7.67,7.62,7.84,7.49,7.7,7.3
2022-04-13 00:00:00+00:00,8.06,8.19,7.98,8.07,8.07,8.07,7.52,7.52,7.51,7.78,7.37,7.67,7.62,7.84,7.49,7.7,7.6,7.67,7.08,7.3,6.93
2022-04-14 00:00:00+00:00,8.07,8.07,7.52,7.52,7.51,7.78,7.37,7.67,7.62,7.84,7.49,7.7,7.6,7.67,7.08,7.3,7.16,7.22,6.92,6.93,6.94
2022-04-15 00:00:00+00:00,7.51,7.78,7.37,7.67,7.62,7.84,7.49,7.7,7.6,7.67,7.08,7.3,7.16,7.22,6.92,6.93,7.06,7.16,6.93,6.94,6.86
2022-04-18 00:00:00+00:00,7.62,7.84,7.49,7.7,7.6,7.67,7.08,7.3,7.16,7.22,6.92,6.93,7.06,7.16,6.93,6.94,6.83,7.03,6.74,6.86,6.82
2022-04-19 00:00:00+00:00,7.6,7.67,7.08,7.3,7.16,7.22,6.92,6.93,7.06,7.16,6.93,6.94,6.83,7.03,6.74,6.86,6.78,6.93,6.74,6.82,7.01
2022-04-20 00:00:00+00:00,7.16,7.22,6.92,6.93,7.06,7.16,6.93,6.94,6.83,7.03,6.74,6.86,6.78,6.93,6.74,6.82,6.85,7.08,6.82,7.01,7.71
2022-04-21 00:00:00+00:00,7.06,7.16,6.93,6.94,6.83,7.03,6.74,6.86,6.78,6.93,6.74,6.82,6.85,7.08,6.82,7.01,7.41,7.71,7.32,7.71,7.04
2022-04-22 00:00:00+00:00,6.83,7.03,6.74,6.86,6.78,6.93,6.74,6.82,6.85,7.08,6.82,7.01,7.41,7.71,7.32,7.71,7.42,7.59,6.95,7.04,6.97
2022-04-25 00:00:00+00:00,6.78,6.93,6.74,6.82,6.85,7.08,6.82,7.01,7.41,7.71,7.32,7.71,7.42,7.59,6.95,7.04,7.0,7.4,6.93,6.97,6.27
2022-04-26 00:00:00+00:00,6.85,7.08,6.82,7.01,7.41,7.71,7.32,7.71,7.42,7.59,6.95,7.04,7.0,7.4,6.93,6.97,6.63,6.65,6.27,6.27,5.78
2022-04-27 00:00:00+00:00,7.41,7.71,7.32,7.71,7.42,7.59,6.95,7.04,7.0,7.4,6.93,6.97,6.63,6.65,6.27,6.27,6.13,6.33,5.76,5.78,6.18
2022-04-28 00:00:00+00:00,7.42,7.59,6.95,7.04,7.0,7.4,6.93,6.97,6.63,6.65,6.27,6.27,6.13,6.33,5.76,5.78,5.74,6.22,5.67,6.18,5.98
2022-04-29 00:00:00+00:00,7.0,7.4,6.93,6.97,6.63,6.65,6.27,6.27,6.13,6.33,5.76,5.78,5.74,6.22,5.67,6.18,6.13,6.16,5.91,5.98,6.23
2022-05-05 00:00:00+00:00,6.63,6.65,6.27,6.27,6.13,6.33,5.76,5.78,5.74,6.22,5.67,6.18,6.13,6.16,5.91,5.98,6.06,6.27,6.05,6.23,6.31
2022-05-06 00:00:00+00:00,6.13,6.33,5.76,5.78,5.74,6.22,5.67,6.18,6.13,6.16,5.91,5.98,6.06,6.27,6.05,6.23,6.27,6.44,6.18,6.31,6.38
2022-05-09 00:00:00+00:00,5.74,6.22,5.67,6.18,6.13,6.16,5.91,5.98,6.06,6.27,6.05,6.23,6.27,6.44,6.18,6.31,6.12,6.61,6.0,6.38,6.5
2022-05-10 00:00:00+00:00,6.13,6.16,5.91,5.98,6.06,6.27,6.05,6.23,6.27,6.44,6.18,6.31,6.12,6.61,6.0,6.38,6.35,6.64,6.26,6.5,6.82
2022-05-11 00:00:00+00:00,6.06,6.27,6.05,6.23,6.27,6.44,6.18,6.31,6.12,6.61,6.0,6.38,6.35,6.64,6.26,6.5,6.42,7.07,6.35,6.82,6.86
2022-05-12 00:00:00+00:00,6.27,6.44,6.18,6.31,6.12,6.61,6.0,6.38,6.35,6.64,6.26,6.5,6.42,7.07,6.35,6.82,6.74,7.1,6.69,6.86,6.95
2022-05-13 00:00:00+00:00,6.12,6.61,6.0,6.38,6.35,6.64,6.26,6.5,6.42,7.07,6.35,6.82,6.74,7.1,6.69,6.86,6.8,7.13,6.76,6.95,6.91
2022-05-16 00:00:00+00:00,6.35,6.64,6.26,6.5,6.42,7.07,6.35,6.82,6.74,7.1,6.69,6.86,6.8,7.13,6.76,6.95,6.99,7.04,6.86,6.91,7.06
2022-05-17 00:00:00+00:00,6.42,7.07,6.35,6.82,6.74,7.1,6.69,6.86,6.8,7.13,6.76,6.95,6.99,7.04,6.86,6.91,7.01,7.06,6.81,7.06,6.86
2022-05-18 00:00:00+00:00,6.74,7.1,6.69,6.86,6.8,7.13,6.76,6.95,6.99,7.04,6.86,6.91,7.01,7.06,6.81,7.06,7.05,7.23,6.81,6.86,6.87
2022-05-19 00:00:00+00:00,6.8,7.13,6.76,6.95,6.99,7.04,6.86,6.91,7.01,7.06,6.81,7.06,7.05,7.23,6.81,6.86,6.99,7.17,6.86,6.87,6.83
2022-05-20 00:00:00+00:00,6.99,7.04,6.86,6.91,7.01,7.06,6.81,7.06,7.05,7.23,6.81,6.86,6.99,7.17,6.86,6.87,6.68,6.84,6.63,6.83,6.87
2022-05-23 00:00:00+00:00,7.01,7.06,6.81,7.06,7.05,7.23,6.81,6.86,6.99,7.17,6.86,6.87,6.68,6.84,6.63,6.83,6.83,6.94,6.81,6.87,6.95
2022-05-24 00:00:00+00:00,7.05,7.23,6.81,6.86,6.99,7.17,6.86,6.87,6.68,6.84,6.63,6.83,6.83,6.94,6.81,6.87,6.89,7.02,6.87,6.95,6.5
2022-05-25 00:00:00+00:00,6.99,7.17,6.86,6.87,6.68,6.84,6.63,6.83,6.83,6.94,6.81,6.87,6.89,7.02,6.87,6.95,6.91,6.96,6.49,6.5,6.65
2022-05-26 00:00:00+00:00,6.68,6.84,6.63,6.83,6.83,6.94,6.81,6.87,6.89,7.02,6.87,6.95,6.91,6.96,6.49,6.5,6.55,6.7,6.55,6.65,6.63
2022-05-27 00:00:00+00:00,6.83,6.94,6.81,6.87,6.89,7.02,6.87,6.95,6.91,6.96,6.49,6.5,6.55,6.7,6.55,6.65,6.65,6.72,6.46,6.63,6.65
2022-05-30 00:00:00+00:00,6.89,7.02,6.87,6.95,6.91,6.96,6.49,6.5,6.55,6.7,6.55,6.65,6.65,6.72,6.46,6.63,6.67,6.78,6.58,6.65,6.88
2022-05-31 00:00:00+00:00,6.91,6.96,6.49,6.5,6.55,6.7,6.55,6.65,6.65,6.72,6.46,6.63,6.67,6.78,6.58,6.65,6.72,6.88,6.68,6.88,6.87
2022-06-01 00:00:00+00:00,6.55,6.7,6.55,6.65,6.65,6.72,6.46,6.63,6.67,6.78,6.58,6.65,6.72,6.88,6.68,6.88,6.85,6.87,6.72,6.87,6.81
2022-06-02 00:00:00+00:00,6.65,6.72,6.46,6.63,6.67,6.78,6.58,6.65,6.72,6.88,6.68,6.88,6.85,6.87,6.72,6.87,6.83,6.91,6.76,6.81,6.97
2022-06-06 00:00:00+00:00,6.67,6.78,6.58,6.65,6.72,6.88,6.68,6.88,6.85,6.87,6.72,6.87,6.83,6.91,6.76,6.81,6.8,6.98,6.71,6.97,7.2
2022-06-07 00:00:00+00:00,6.72,6.88,6.68,6.88,6.85,6.87,6.72,6.87,6.83,6.91,6.76,6.81,6.8,6.98,6.71,6.97,7.16,7.36,7.03,7.2,7.01
2022-06-08 00:00:00+00:00,6.85,6.87,6.72,6.87,6.83,6.91,6.76,6.81,6.8,6.98,6.71,6.97,7.16,7.36,7.03,7.2,7.14,7.14,6.98,7.01,6.94
2022-06-09 00:00:00+00:00,6.83,6.91,6.76,6.81,6.8,6.98,6.71,6.97,7.16,7.36,7.03,7.2,7.14,7.14,6.98,7.01,6.99,7.1,6.81,6.94,6.71
2022-06-10 00:00:00+00:00,6.8,6.98,6.71,6.97,7.16,7.36,7.03,7.2,7.14,7.14,6.98,7.01,6.99,7.1,6.81,6.94,6.94,6.94,6.71,6.71,6.75
2022-06-13 00:00:00+00:00,7.16,7.36,7.03,7.2,7.14,7.14,6.98,7.01,6.99,7.1,6.81,6.94,6.94,6.94,6.71,6.71,6.68,6.79,6.64,6.75,6.72
2022-06-14 00:00:00+00:00,7.14,7.14,6.98,7.01,6.99,7.1,6.81,6.94,6.94,6.94,6.71,6.71,6.68,6.79,6.64,6.75,6.7,6.8,6.6,6.72,6.68
2022-06-15 00:00:00+00:00,6.99,7.1,6.81,6.94,6.94,6.94,6.71,6.71,6.68,6.79,6.64,6.75,6.7,6.8,6.6,6.72,6.64,6.7,6.4,6.68,6.76
2022-06-16 00:00:00+00:00,6.94,6.94,6.71,6.71,6.68,6.79,6.64,6.75,6.7,6.8,6.6,6.72,6.64,6.7,6.4,6.68,6.69,6.84,6.66,6.76,6.87
2022-06-17 00:00:00+00:00,6.68,6.79,6.64,6.75,6.7,6.8,6.6,6.72,6.64,6.7,6.4,6.68,6.69,6.84,6.66,6.76,6.79,6.98,6.73,6.87,6.74
2022-06-20 00:00:00+00:00,6.7,6.8,6.6,6.72,6.64,6.7,6.4,6.68,6.69,6.84,6.66,6.76,6.79,6.98,6.73,6.87,6.83,6.84,6.63,6.74,6.73
2022-06-21 00:00:00+00:00,6.64,6.7,6.4,6.68,6.69,6.84,6.66,6.76,6.79,6.98,6.73,6.87,6.83,6.84,6.63,6.74,6.84,6.87,6.71,6.73,6.77
2022-06-22 00:00:00+00:00,6.69,6.84,6.66,6.76,6.79,6.98,6.73,6.87,6.83,6.84,6.63,6.74,6.84,6.87,6.71,6.73,6.76,6.79,6.62,6.77,6.59
2022-06-23 00:00:00+00:00,6.79,6.98,6.73,6.87,6.83,6.84,6.63,6.74,6.84,6.87,6.71,6.73,6.76,6.79,6.62,6.77,6.77,6.81,6.58,6.59,6.83
2022-06-24 00:00:00+00:00,6.83,6.84,6.63,6.74,6.84,6.87,6.71,6.73,6.76,6.79,6.62,6.77,6.77,6.81,6.58,6.59,6.66,6.84,6.6,6.83,7.28
2022-06-27 00:00:00+00:00,6.84,6.87,6.71,6.73,6.76,6.79,6.62,6.77,6.77,6.81,6.58,6.59,6.66,6.84,6.6,6.83,6.98,7.51,6.94,7.28,7.13
2022-06-28 00:00:00+00:00,6.76,6.79,6.62,6.77,6.77,6.81,6.58,6.59,6.66,6.84,6.6,6.83,6.98,7.51,6.94,7.28,7.16,7.24,7.06,7.13,7.17
2022-06-29 00:00:00+00:00,6.77,6.81,6.58,6.59,6.66,6.84,6.6,6.83,6.98,7.51,6.94,7.28,7.16,7.24,7.06,7.13,7.07,7.22,7.02,7.17,7.25
2022-06-30 00:00:00+00:00,6.66,6.84,6.6,6.83,6.98,7.51,6.94,7.28,7.16,7.24,7.06,7.13,7.07,7.22,7.02,7.17,7.16,7.32,7.11,7.25,7.14
2022-07-01 00:00:00+00:00,6.98,7.51,6.94,7.28,7.16,7.24,7.06,7.13,7.07,7.22,7.02,7.17,7.16,7.32,7.11,7.25,7.21,7.29,7.1,7.14,7.05
2022-07-04 00:00:00+00:00,7.16,7.24,7.06,7.13,7.07,7.22,7.02,7.17,7.16,7.32,7.11,7.25,7.21,7.29,7.1,7.14,7.1,7.19,7.01,7.05,7.07
2022-07-05 00:00:00+00:00,7.07,7.22,7.02,7.17,7.16,7.32,7.11,7.25,7.21,7.29,7.1,7.14,7.1,7.19,7.01,7.05,7.06,7.1,6.98,7.07,6.96
2022-07-06 00:00:00+00:00,7.16,7.32,7.11,7.25,7.21,7.29,7.1,7.14,7.1,7.19,7.01,7.05,7.06,7.1,6.98,7.07,7.07,7.1,6.87,6.96,6.82
2022-07-07 00:00:00+00:00,7.21,7.29,7.1,7.14,7.1,7.19,7.01,7.05,7.06,7.1,6.98,7.07,7.07,7.1,6.87,6.96,6.97,7.0,6.77,6.82,6.82
2022-07-08 00:00:00+00:00,7.1,7.19,7.01,7.05,7.06,7.1,6.98,7.07,7.07,7.1,6.87,6.96,6.97,7.0,6.77,6.82,6.88,6.91,6.79,6.82,6.86
2022-07-11 00:00:00+00:00,7.06,7.1,6.98,7.07,7.07,7.1,6.87,6.96,6.97,7.0,6.77,6.82,6.88,6.91,6.79,6.82,6.82,6.98,6.8,6.86,7.05
2022-07-12 00:00:00+00:00,7.07,7.1,6.87,6.96,6.97,7.0,6.77,6.82,6.88,6.91,6.79,6.82,6.82,6.98,6.8,6.86,6.86,7.05,6.75,7.05,6.95
2022-07-13 00:00:00+00:00,6.97,7.0,6.77,6.82,6.88,6.91,6.79,6.82,6.82,6.98,6.8,6.86,6.86,7.05,6.75,7.05,7.02,7.03,6.9,6.95,6.97
2022-07-14 00:00:00+00:00,6.88,6.91,6.79,6.82,6.82,6.98,6.8,6.86,6.86,7.05,6.75,7.05,7.02,7.03,6.9,6.95,6.99,7.05,6.94,6.97,6.94
2022-07-15 00:00:00+00:00,6.82,6.98,6.8,6.86,6.86,7.05,6.75,7.05,7.02,7.03,6.9,6.95,6.99,7.05,6.94,6.97,6.98,6.99,6.88,6.94,6.99
2022-07-18 00:00:00+00:00,6.86,7.05,6.75,7.05,7.02,7.03,6.9,6.95,6.99,7.05,6.94,6.97,6.98,6.99,6.88,6.94,6.95,7.2,6.79,6.99,7.17
2022-07-19 00:00:00+00:00,7.02,7.03,6.9,6.95,6.99,7.05,6.94,6.97,6.98,6.99,6.88,6.94,6.95,7.2,6.79,6.99,6.99,7.18,6.94,7.17,7.23
2022-07-20 00:00:00+00:00,6.99,7.05,6.94,6.97,6.98,6.99,6.88,6.94,6.95,7.2,6.79,6.99,6.99,7.18,6.94,7.17,7.15,7.27,7.13,7.23,7.36
2022-07-21 00:00:00+00:00,6.98,6.99,6.88,6.94,6.95,7.2,6.79,6.99,6.99,7.18,6.94,7.17,7.15,7.27,7.13,7.23,7.32,7.4,7.24,7.36,7.28
2022-07-22 00:00:00+00:00,6.95,7.2,6.79,6.99,6.99,7.18,6.94,7.17,7.15,7.27,7.13,7.23,7.32,7.4,7.24,7.36,7.36,7.46,7.27,7.28,7.21
2022-07-25 00:00:00+00:00,6.99,7.18,6.94,7.17,7.15,7.27,7.13,7.23,7.32,7.4,7.24,7.36,7.36,7.46,7.27,7.28,7.28,7.36,7.13,7.21,7.13
2022-07-26 00:00:00+00:00,7.15,7.27,7.13,7.23,7.32,7.4,7.24,7.36,7.36,7.46,7.27,7.28,7.28,7.36,7.13,7.21,7.26,7.36,7.1,7.13,7.43
2022-07-27 00:00:00+00:00,7.32,7.4,7.24,7.36,7.36,7.46,7.27,7.28,7.28,7.36,7.13,7.21,7.26,7.36,7.1,7.13,7.22,7.46,7.15,7.43,7.41
2022-07-28 00:00:00+00:00,7.36,7.46,7.27,7.28,7.28,7.36,7.13,7.21,7.26,7.36,7.1,7.13,7.22,7.46,7.15,7.43,7.43,7.56,7.38,7.41,7.36
2022-07-29 00:00:00+00:00,7.28,7.36,7.13,7.21,7.26,7.36,7.1,7.13,7.22,7.46,7.15,7.43,7.43,7.56,7.38,7.41,7.46,7.48,7.35,7.36,7.37
2022-08-01 00:00:00+00:00,7.26,7.36,7.1,7.13,7.22,7.46,7.15,7.43,7.43,7.56,7.38,7.41,7.46,7.48,7.35,7.36,7.4,7.45,7.34,7.37,7.36
2022-08-02 00:00:00+00:00,7.22,7.46,7.15,7.43,7.43,7.56,7.38,7.41,7.46,7.48,7.35,7.36,7.4,7.45,7.34,7.37,7.35,7.42,7.27,7.36,6.88
2022-08-03 00:00:00+00:00,7.43,7.56,7.38,7.41,7.46,7.48,7.35,7.36,7.4,7.45,7.34,7.37,7.35,7.42,7.27,7.36,7.23,7.23,6.77,6.88,6.99
2022-08-04 00:00:00+00:00,7.46,7.48,7.35,7.36,7.4,7.45,7.34,7.37,7.35,7.42,7.27,7.36,7.23,7.23,6.77,6.88,6.92,7.24,6.92,6.99,7.06
2022-08-05 00:00:00+00:00,7.4,7.45,7.34,7.37,7.35,7.42,7.27,7.36,7.23,7.23,6.77,6.88,6.92,7.24,6.92,6.99,7.06,7.15,6.9,7.06,7.23
2022-08-08 00:00:00+00:00,7.35,7.42,7.27,7.36,7.23,7.23,6.77,6.88,6.92,7.24,6.92,6.99,7.06,7.15,6.9,7.06,7.13,7.24,7.07,7.23,7.28
2022-08-09 00:00:00+00:00,7.23,7.23,6.77,6.88,6.92,7.24,6.92,6.99,7.06,7.15,6.9,7.06,7.13,7.24,7.07,7.23,7.22,7.3,7.18,7.28,7.21
2022-08-10 00:00:00+00:00,6.92,7.24,6.92,6.99,7.06,7.15,6.9,7.06,7.13,7.24,7.07,7.23,7.22,7.3,7.18,7.28,7.28,7.33,7.15,7.21,7.14
2022-08-11 00:00:00+00:00,7.06,7.15,6.9,7.06,7.13,7.24,7.07,7.23,7.22,7.3,7.18,7.28,7.28,7.33,7.15,7.21,7.21,7.23,7.1,7.14,7.24
2022-08-12 00:00:00+00:00,7.13,7.24,7.07,7.23,7.22,7.3,7.18,7.28,7.28,7.33,7.15,7.21,7.21,7.23,7.1,7.14,7.18,7.27,7.18,7.24,7.22
2022-08-15 00:00:00+00:00,7.22,7.3,7.18,7.28,7.28,7.33,7.15,7.21,7.21,7.23,7.1,7.14,7.18,7.27,7.18,7.24,7.25,7.3,7.18,7.22,7.1
2022-08-16 00:00:00+00:00,7.28,7.33,7.15,7.21,7.21,7.23,7.1,7.14,7.18,7.27,7.18,7.24,7.25,7.3,7.18,7.22,7.25,7.26,7.03,7.1,7.03
2022-08-17 00:00:00+00:00,7.21,7.23,7.1,7.14,7.18,7.27,7.18,7.24,7.25,7.3,7.18,7.22,7.25,7.26,7.03,7.1,7.07,7.12,6.99,7.03,6.99
2022-08-18 00:00:00+00:00,7.18,7.27,7.18,7.24,7.25,7.3,7.18,7.22,7.25,7.26,7.03,7.1,7.07,7.12,6.99,7.03,7.04,7.05,6.92,6.99,6.92
2022-08-19 00:00:00+00:00,7.25,7.3,7.18,7.22,7.25,7.26,7.03,7.1,7.07,7.12,6.99,7.03,7.04,7.05,6.92,6.99,6.98,6.98,6.87,6.92,6.87
2022-08-22 00:00:00+00:00,7.25,7.26,7.03,7.1,7.07,7.12,6.99,7.03,7.04,7.05,6.92,6.99,6.98,6.98,6.87,6.92,6.92,7.0,6.87,6.87,6.91
2022-08-23 00:00:00+00:00,7.07,7.12,6.99,7.03,7.04,7.05,6.92,6.99,6.98,6.98,6.87,6.92,6.92,7.0,6.87,6.87,6.87,6.91,6.75,6.91,6.85
2022-08-24 00:00:00+00:00,7.04,7.05,6.92,6.99,6.98,6.98,6.87,6.92,6.92,7.0,6.87,6.87,6.87,6.91,6.75,6.91,6.9,6.9,6.81,6.85,6.67
2022-08-25 00:00:00+00:00,6.98,6.98,6.87,6.92,6.92,7.0,6.87,6.87,6.87,6.91,6.75,6.91,6.9,6.9,6.81,6.85,6.85,6.88,6.64,6.67,6.63
2022-08-26 00:00:00+00:00,6.92,7.0,6.87,6.87,6.87,6.91,6.75,6.91,6.9,6.9,6.81,6.85,6.85,6.88,6.64,6.67,6.68,6.7,6.55,6.63,6.6
2022-08-29 00:00:00+00:00,6.87,6.91,6.75,6.91,6.9,6.9,6.81,6.85,6.85,6.88,6.64,6.67,6.68,6.7,6.55,6.63,6.64,6.67,6.58,6.6,6.52
2022-08-30 00:00:00+00:00,6.9,6.9,6.81,6.85,6.85,6.88,6.64,6.67,6.68,6.7,6.55,6.63,6.64,6.67,6.58,6.6,6.46,6.54,6.4,6.52,6.47
2022-08-31 00:00:00+00:00,6.85,6.88,6.64,6.67,6.68,6.7,6.55,6.63,6.64,6.67,6.58,6.6,6.46,6.54,6.4,6.52,6.53,6.56,6.43,6.47,6.27
2022-09-01 00:00:00+00:00,6.68,6.7,6.55,6.63,6.64,6.67,6.58,6.6,6.46,6.54,6.4,6.52,6.53,6.56,6.43,6.47,6.47,6.49,6.26,6.27,6.26
2022-09-02 00:00:00+00:00,6.64,6.67,6.58,6.6,6.46,6.54,6.4,6.52,6.53,6.56,6.43,6.47,6.47,6.49,6.26,6.27,6.3,6.38,6.24,6.26,6.36
2022-09-05 00:00:00+00:00,6.46,6.54,6.4,6.52,6.53,6.56,6.43,6.47,6.47,6.49,6.26,6.27,6.3,6.38,6.24,6.26,6.26,6.41,6.26,6.36,6.32
2022-09-06 00:00:00+00:00,6.53,6.56,6.43,6.47,6.47,6.49,6.26,6.27,6.3,6.38,6.24,6.26,6.26,6.41,6.26,6.36,6.39,6.39,6.27,6.32,6.38
2022-09-07 00:00:00+00:00,6.47,6.49,6.26,6.27,6.3,6.38,6.24,6.26,6.26,6.41,6.26,6.36,6.39,6.39,6.27,6.32,6.35,6.39,6.3,6.38,6.41
2022-09-08 00:00:00+00:00,6.3,6.38,6.24,6.26,6.26,6.41,6.26,6.36,6.39,6.39,6.27,6.32,6.35,6.39,6.3,6.38,6.36,6.46,6.34,6.41,6.3
2022-09-09 00:00:00+00:00,6.26,6.41,6.26,6.36,6.39,6.39,6.27,6.32,6.35,6.39,6.3,6.38,6.36,6.46,6.34,6.41,6.41,6.41,6.29,6.3,6.34
2022-09-13 00:00:00+00:00,6.39,6.39,6.27,6.32,6.35,6.39,6.3,6.38,6.36,6.46,6.34,6.41,6.41,6.41,6.29,6.3,6.33,6.38,6.3,6.34,6.38
2022-09-14 00:00:00+00:00,6.35,6.39,6.3,6.38,6.36,6.46,6.34,6.41,6.41,6.41,6.29,6.3,6.33,6.38,6.3,6.34,6.35,6.41,6.34,6.38,6.32
2022-09-15 00:00:00+00:00,6.36,6.46,6.34,6.41,6.41,6.41,6.29,6.3,6.33,6.38,6.3,6.34,6.35,6.41,6.34,6.38,6.29,6.34,6.26,6.32,6.22
2022-09-16 00:00:00+00:00,6.41,6.41,6.29,6.3,6.33,6.38,6.3,6.34,6.35,6.41,6.34,6.38,6.29,6.34,6.26,6.32,6.35,6.41,6.14,6.22,6.06
2022-09-19 00:00:00+00:00,6.33,6.38,6.3,6.34,6.35,6.41,6.34,6.38,6.29,6.34,6.26,6.32,6.35,6.41,6.14,6.22,6.22,6.26,6.06,6.06,5.93
2022-09-20 00:00:00+00:00,6.35,6.41,6.34,6.38,6.29,6.34,6.26,6.32,6.35,6.41,6.14,6.22,6.22,6.26,6.06,6.06,6.07,6.08,5.88,5.93,5.97
2022-09-21 00:00:00+00:00,6.29,6.34,6.26,6.32,6.35,6.41,6.14,6.22,6.22,6.26,6.06,6.06,6.07,6.08,5.88,5.93,5.97,6.03,5.93,5.97,6.05
2022-09-22 00:00:00+00:00,6.35,6.41,6.14,6.22,6.22,6.26,6.06,6.06,6.07,6.08,5.88,5.93,5.97,6.03,5.93,5.97,5.97,6.1,5.83,6.05,6.02
2022-09-23 00:00:00+00:00,6.22,6.26,6.06,6.06,6.07,6.08,5.88,5.93,5.97,6.03,5.93,5.97,5.97,6.1,5.83,6.05,6.02,6.1,6.0,6.02,5.89
2022-09-26 00:00:00+00:00,6.07,6.08,5.88,5.93,5.97,6.03,5.93,5.97,5.97,6.1,5.83,6.05,6.02,6.1,6.0,6.02,6.03,6.06,5.87,5.89,5.78
2022-09-27 00:00:00+00:00,5.97,6.03,5.93,5.97,5.97,6.1,5.83,6.05,6.02,6.1,6.0,6.02,6.03,6.06,5.87,5.89,5.93,5.93,5.75,5.78,5.86
2022-09-28 00:00:00+00:00,5.97,6.1,5.83,6.05,6.02,6.1,6.0,6.02,6.03,6.06,5.87,5.89,5.93,5.93,5.75,5.78,5.79,5.86,5.76,5.86,5.7
2022-09-29 00:00:00+00:00,6.02,6.1,6.0,6.02,6.03,6.06,5.87,5.89,5.93,5.93,5.75,5.78,5.79,5.86,5.76,5.86,5.86,5.86,5.7,5.7,5.69
2022-09-30 00:00:00+00:00,6.03,6.06,5.87,5.89,5.93,5.93,5.75,5.78,5.79,5.86,5.76,5.86,5.86,5.86,5.7,5.7,5.76,5.8,5.63,5.69,5.64
2022-10-10 00:00:00+00:00,5.93,5.93,5.75,5.78,5.79,5.86,5.76,5.86,5.86,5.86,5.7,5.7,5.76,5.8,5.63,5.69,5.67,5.73,5.63,5.64,5.55
2022-10-11 00:00:00+00:00,5.79,5.86,5.76,5.86,5.86,5.86,5.7,5.7,5.76,5.8,5.63,5.69,5.67,5.73,5.63,5.64,5.65,5.67,5.54,5.55,5.6
2022-10-12 00:00:00+00:00,5.86,5.86,5.7,5.7,5.76,5.8,5.63,5.69,5.67,5.73,5.63,5.64,5.65,5.67,5.54,5.55,5.54,5.72,5.51,5.6,5.79
2022-10-13 00:00:00+00:00,5.76,5.8,5.63,5.69,5.67,5.73,5.63,5.64,5.65,5.67,5.54,5.55,5.54,5.72,5.51,5.6,5.59,5.81,5.54,5.79,5.93
2022-10-14 00:00:00+00:00,5.67,5.73,5.63,5.64,5.65,5.67,5.54,5.55,5.54,5.72,5.51,5.6,5.59,5.81,5.54,5.79,5.77,6.04,5.75,5.93,6.0
2022-10-17 00:00:00+00:00,5.65,5.67,5.54,5.55,5.54,5.72,5.51,5.6,5.59,5.81,5.54,5.79,5.77,6.04,5.75,5.93,5.93,6.06,5.88,6.0,6.12
2022-10-18 00:00:00+00:00,5.54,5.72,5.51,5.6,5.59,5.81,5.54,5.79,5.77,6.04,5.75,5.93,5.93,6.06,5.88,6.0,5.98,6.14,5.97,6.12,6.06
2022-10-19 00:00:00+00:00,5.59,5.81,5.54,5.79,5.77,6.04,5.75,5.93,5.93,6.06,5.88,6.0,5.98,6.14,5.97,6.12,6.14,6.14,6.04,6.06,6.12
2022-10-20 00:00:00+00:00,5.77,6.04,5.75,5.93,5.93,6.06,5.88,6.0,5.98,6.14,5.97,6.12,6.14,6.14,6.04,6.06,6.05,6.21,5.98,6.12,6.13
2022-10-21 00:00:00+00:00,5.93,6.06,5.88,6.0,5.98,6.14,5.97,6.12,6.14,6.14,6.04,6.06,6.05,6.21,5.98,6.12,6.1,6.22,6.03,6.13,6.06
2022-10-24 00:00:00+00:00,5.98,6.14,5.97,6.12,6.14,6.14,6.04,6.06,6.05,6.21,5.98,6.12,6.1,6.22,6.03,6.13,6.1,6.16,6.04,6.06,6.0
2022-10-25 00:00:00+00:00,6.14,6.14,6.04,6.06,6.05,6.21,5.98,6.12,6.1,6.22,6.03,6.13,6.1,6.16,6.04,6.06,6.08,6.19,5.96,6.0,5.98
2022-10-26 00:00:00+00:00,6.05,6.21,5.98,6.12,6.1,6.22,6.03,6.13,6.1,6.16,6.04,6.06,6.08,6.19,5.96,6.0,6.01,6.06,5.87,5.98,6.2
2022-10-27 00:00:00+00:00,6.1,6.22,6.03,6.13,6.1,6.16,6.04,6.06,6.08,6.19,5.96,6.0,6.01,6.06,5.87,5.98,5.98,6.23,5.98,6.2,6.26
2022-10-28 00:00:00+00:00,6.1,6.16,6.04,6.06,6.08,6.19,5.96,6.0,6.01,6.06,5.87,5.98,5.98,6.23,5.98,6.2,6.26,6.32,6.19,6.26,6.18
2022-10-31 00:00:00+00:00,6.08,6.19,5.96,6.0,6.01,6.06,5.87,5.98,5.98,6.23,5.98,6.2,6.26,6.32,6.19,6.26,6.31,6.38,6.15,6.18,6.8
2022-11-01 00:00:00+00:00,6.01,6.06,5.87,5.98,5.98,6.23,5.98,6.2,6.26,6.32,6.19,6.26,6.31,6.38,6.15,6.18,6.3,6.8,6.3,6.8,6.83
2022-11-02 00:00:00+00:00,5.98,6.23,5.98,6.2,6.26,6.32,6.19,6.26,6.31,6.38,6.15,6.18,6.3,6.8,6.3,6.8,7.08,7.08,6.68,6.83,6.84
2022-11-03 00:00:00+00:00,6.26,6.32,6.19,6.26,6.31,6.38,6.15,6.18,6.3,6.8,6.3,6.8,7.08,7.08,6.68,6.83,6.88,6.92,6.71,6.84,6.65
2022-11-04 00:00:00+00:00,6.31,6.38,6.15,6.18,6.3,6.8,6.3,6.8,7.08,7.08,6.68,6.83,6.88,6.92,6.71,6.84,6.75,6.8,6.58,6.65,6.64
2022-11-07 00:00:00+00:00,6.3,6.8,6.3,6.8,7.08,7.08,6.68,6.83,6.88,6.92,6.71,6.84,6.75,6.8,6.58,6.65,6.68,6.68,6.57,6.64,6.67
2022-11-08 00:00:00+00:00,7.08,7.08,6.68,6.83,6.88,6.92,6.71,6.84,6.75,6.8,6.58,6.65,6.68,6.68,6.57,6.64,6.65,6.77,6.63,6.67,6.76
2022-11-09 00:00:00+00:00,6.88,6.92,6.71,6.84,6.75,6.8,6.58,6.65,6.68,6.68,6.57,6.64,6.65,6.77,6.63,6.67,6.67,6.77,6.54,6.76,6.79
2022-11-10 00:00:00+00:00,6.75,6.8,6.58,6.65,6.68,6.68,6.57,6.64,6.65,6.77,6.63,6.67,6.67,6.77,6.54,6.76,6.77,6.85,6.63,6.79,6.77
2022-11-11 00:00:00+00:00,6.68,6.68,6.57,6.64,6.65,6.77,6.63,6.67,6.67,6.77,6.54,6.76,6.77,6.85,6.63,6.79,6.72,6.86,6.68,6.77,6.64
2022-11-14 00:00:00+00:00,6.65,6.77,6.63,6.67,6.67,6.77,6.54,6.76,6.77,6.85,6.63,6.79,6.72,6.86,6.68,6.77,6.87,6.92,6.64,6.64,6.77
2022-11-15 00:00:00+00:00,6.67,6.77,6.54,6.76,6.77,6.85,6.63,6.79,6.72,6.86,6.68,6.77,6.87,6.92,6.64,6.64,6.63,6.78,6.59,6.77,6.82
2022-11-16 00:00:00+00:00,6.77,6.85,6.63,6.79,6.72,6.86,6.68,6.77,6.87,6.92,6.64,6.64,6.63,6.78,6.59,6.77,6.73,6.91,6.72,6.82,6.85
2022-11-17 00:00:00+00:00,6.72,6.86,6.68,6.77,6.87,6.92,6.64,6.64,6.63,6.78,6.59,6.77,6.73,6.91,6.72,6.82,6.82,6.93,6.77,6.85,6.98
2022-11-18 00:00:00+00:00,6.87,6.92,6.64,6.64,6.63,6.78,6.59,6.77,6.73,6.91,6.72,6.82,6.82,6.93,6.77,6.85,6.97,6.99,6.84,6.98,6.9
2022-11-21 00:00:00+00:00,6.63,6.78,6.59,6.77,6.73,6.91,6.72,6.82,6.82,6.93,6.77,6.85,6.97,6.99,6.84,6.98,7.0,7.14,6.88,6.9,6.88
2022-11-22 00:00:00+00:00,6.73,6.91,6.72,6.82,6.82,6.93,6.77,6.85,6.97,6.99,6.84,6.98,7.0,7.14,6.88,6.9,6.84,6.93,6.74,6.88,6.78
2022-11-23 00:00:00+00:00,6.82,6.93,6.77,6.85,6.97,6.99,6.84,6.98,7.0,7.14,6.88,6.9,6.84,6.93,6.74,6.88,6.83,6.94,6.73,6.78,6.7
2022-11-24 00:00:00+00:00,6.97,6.99,6.84,6.98,7.0,7.14,6.88,6.9,6.84,6.93,6.74,6.88,6.83,6.94,6.73,6.78,6.77,6.82,6.58,6.7,6.62
2022-11-25 00:00:00+00:00,7.0,7.14,6.88,6.9,6.84,6.93,6.74,6.88,6.83,6.94,6.73,6.78,6.77,6.82,6.58,6.7,6.7,6.76,6.58,6.62,6.53
2022-11-28 00:00:00+00:00,6.84,6.93,6.74,6.88,6.83,6.94,6.73,6.78,6.77,6.82,6.58,6.7,6.7,6.76,6.58,6.62,6.59,6.65,6.5,6.53,6.51
2022-11-29 00:00:00+00:00,6.83,6.94,6.73,6.78,6.77,6.82,6.58,6.7,6.7,6.76,6.58,6.62,6.59,6.65,6.5,6.53,6.53,6.6,6.44,6.51,6.66
2022-11-30 00:00:00+00:00,6.77,6.82,6.58,6.7,6.7,6.76,6.58,6.62,6.59,6.65,6.5,6.53,6.53,6.6,6.44,6.51,6.48,6.68,6.48,6.66,6.71
2022-12-01 00:00:00+00:00,6.7,6.76,6.58,6.62,6.59,6.65,6.5,6.53,6.53,6.6,6.44,6.51,6.48,6.68,6.48,6.66,6.66,6.71,6.6,6.71,7.09
2022-12-02 00:00:00+00:00,6.59,6.65,6.5,6.53,6.53,6.6,6.44,6.51,6.48,6.68,6.48,6.66,6.66,6.71,6.6,6.71,6.73,7.2,6.69,7.09,7.52
2022-12-05 00:00:00+00:00,6.53,6.6,6.44,6.51,6.48,6.68,6.48,6.66,6.66,6.71,6.6,6.71,6.73,7.2,6.69,7.09,7.06,7.75,6.99,7.52,8.27
2022-12-06 00:00:00+00:00,6.48,6.68,6.48,6.66,6.66,6.71,6.6,6.71,6.73,7.2,6.69,7.09,7.06,7.75,6.99,7.52,7.73,8.27,7.67,8.27,8.1
2022-12-07 00:00:00+00:00,6.66,6.71,6.6,6.71,6.73,7.2,6.69,7.09,7.06,7.75,6.99,7.52,7.73,8.27,7.67,8.27,8.35,8.38,8.04,8.1,8.23
2022-12-08 00:00:00+00:00,6.73,7.2,6.69,7.09,7.06,7.75,6.99,7.52,7.73,8.27,7.67,8.27,8.35,8.38,8.04,8.1,8.25,8.5,8.07,8.23,8.02
2022-12-09 00:00:00+00:00,7.06,7.75,6.99,7.52,7.73,8.27,7.67,8.27,8.35,8.38,8.04,8.1,8.25,8.5,8.07,8.23,8.24,8.28,7.88,8.02,7.71
2022-12-12 00:00:00+00:00,7.73,8.27,7.67,8.27,8.35,8.38,8.04,8.1,8.25,8.5,8.07,8.23,8.24,8.28,7.88,8.02,7.94,8.01,7.61,7.71,8.48
2022-12-13 00:00:00+00:00,8.35,8.38,8.04,8.1,8.25,8.5,8.07,8.23,8.24,8.28,7.88,8.02,7.94,8.01,7.61,7.71,8.21,8.48,7.92,8.48,8.06
2022-12-14 00:00:00+00:00,8.25,8.5,8.07,8.23,8.24,8.28,7.88,8.02,7.94,8.01,7.61,7.71,8.21,8.48,7.92,8.48,8.28,8.6,7.79,8.06,8.7
2022-12-15 00:00:00+00:00,8.24,8.28,7.88,8.02,7.94,8.01,7.61,7.71,8.21,8.48,7.92,8.48,8.28,8.6,7.79,8.06,7.97,8.87,7.97,8.7,9.56
2022-12-16 00:00:00+00:00,7.94,8.01,7.61,7.71,8.21,8.48,7.92,8.48,8.28,8.6,7.79,8.06,7.97,8.87,7.97,8.7,8.86,9.56,8.83,9.56,9.13
2022-12-19 00:00:00+00:00,8.21,8.48,7.92,8.48,8.28,8.6,7.79,8.06,7.97,8.87,7.97,8.7,8.86,9.56,8.83,9.56,9.56,9.85,9.04,9.13,9.26
2022-12-20 00:00:00+00:00,8.28,8.6,7.79,8.06,7.97,8.87,7.97,8.7,8.86,9.56,8.83,9.56,9.56,9.85,9.04,9.13,9.15,9.48,8.96,9.26,8.34
2022-12-21 00:00:00+00:00,7.97,8.87,7.97,8.7,8.86,9.56,8.83,9.56,9.56,9.85,9.04,9.13,9.15,9.48,8.96,9.26,9.27,9.46,8.34,8.34,8.27
2022-12-22 00:00:00+00:00,8.86,9.56,8.83,9.56,9.56,9.85,9.04,9.13,9.15,9.48,8.96,9.26,9.27,9.46,8.34,8.34,7.86,8.52,7.84,8.27,8.16
2022-12-23 00:00:00+00:00,9.56,9.85,9.04,9.13,9.15,9.48,8.96,9.26,9.27,9.46,8.34,8.34,7.86,8.52,7.84,8.27,8.28,8.5,7.99,8.16,8.58
2022-12-26 00:00:00+00:00,9.15,9.48,8.96,9.26,9.27,9.46,8.34,8.34,7.86,8.52,7.84,8.27,8.28,8.5,7.99,8.16,8.26,8.75,8.16,8.58,8.79
2022-12-27 00:00:00+00:00,9.27,9.46,8.34,8.34,7.86,8.52,7.84,8.27,8.28,8.5,7.99,8.16,8.26,8.75,8.16,8.58,8.48,8.83,8.34,8.79,8.61
2022-12-28 00:00:00+00:00,7.86,8.52,7.84,8.27,8.28,8.5,7.99,8.16,8.26,8.75,8.16,8.58,8.48,8.83,8.34,8.79,8.65,8.78,8.39,8.61,8.4
2022-12-29 00:00:00+00:00,8.28,8.5,7.99,8.16,8.26,8.75,8.16,8.58,8.48,8.83,8.34,8.79,8.65,8.78,8.39,8.61,8.53,8.75,8.38,8.4,8.45
2022-12-30 00:00:00+00:00,8.26,8.75,8.16,8.58,8.48,8.83,8.34,8.79,8.65,8.78,8.39,8.61,8.53,8.75,8.38,8.4,8.39,8.65,8.33,8.45,8.69
2023-01-03 00:00:00+00:00,8.48,8.83,8.34,8.79,8.65,8.78,8.39,8.61,8.53,8.75,8.38,8.4,8.39,8.65,8.33,8.45,8.53,8.75,8.35,8.69,9.32
2023-01-04 00:00:00+00:00,8.65,8.78,8.39,8.61,8.53,8.75,8.38,8.4,8.39,8.65,8.33,8.45,8.53,8.75,8.35,8.69,8.67,9.45,8.55,9.32,9.34
2023-01-05 00:00:00+00:00,8.53,8.75,8.38,8.4,8.39,8.65,8.33,8.45,8.53,8.75,8.35,8.69,8.67,9.45,8.55,9.32,9.51,9.8,9.17,9.34,9.11
2023-01-06 00:00:00+00:00,8.39,8.65,8.33,8.45,8.53,8.75,8.35,8.69,8.67,9.45,8.55,9.32,9.51,9.8,9.17,9.34,9.43,9.44,9.03,9.11,8.96
2023-01-09 00:00:00+00:00,8.53,8.75,8.35,8.69,8.67,9.45,8.55,9.32,9.51,9.8,9.17,9.34,9.43,9.44,9.03,9.11,8.98,9.18,8.89,8.96,8.93
2023-01-10 00:00:00+00:00,8.67,9.45,8.55,9.32,9.51,9.8,9.17,9.34,9.43,9.44,9.03,9.11,8.98,9.18,8.89,8.96,8.92,9.19,8.87,8.93,9.0
2023-01-11 00:00:00+00:00,9.51,9.8,9.17,9.34,9.43,9.44,9.03,9.11,8.98,9.18,8.89,8.96,8.92,9.19,8.87,8.93,8.93,9.19,8.82,9.0,8.56
2023-01-12 00:00:00+00:00,9.43,9.44,9.03,9.11,8.98,9.18,8.89,8.96,8.92,9.19,8.87,8.93,8.93,9.19,8.82,9.0,9.09,9.12,8.53,8.56,8.59
2023-01-13 00:00:00+00:00,8.98,9.18,8.89,8.96,8.92,9.19,8.87,8.93,8.93,9.19,8.82,9.0,9.09,9.12,8.53,8.56,8.53,8.76,8.49,8.59,8.55
2023-01-16 00:00:00+00:00,8.92,9.19,8.87,8.93,8.93,9.19,8.82,9.0,9.09,9.12,8.53,8.56,8.53,8.76,8.49,8.59,8.64,8.73,8.45,8.55,8.66
2023-01-17 00:00:00+00:00,8.93,9.19,8.82,9.0,9.09,9.12,8.53,8.56,8.53,8.76,8.49,8.59,8.64,8.73,8.45,8.55,8.55,8.85,8.55,8.66,8.41
2023-01-18 00:00:00+00:00,9.09,9.12,8.53,8.56,8.53,8.76,8.49,8.59,8.64,8.73,8.45,8.55,8.55,8.85,8.55,8.66,8.62,8.76,8.36,8.41,8.82
2023-01-19 00:00:00+00:00,8.53,8.76,8.49,8.59,8.64,8.73,8.45,8.55,8.55,8.85,8.55,8.66,8.62,8.76,8.36,8.41,8.49,8.99,8.36,8.82,9.0
2023-01-20 00:00:00+00:00,8.64,8.73,8.45,8.55,8.55,8.85,8.55,8.66,8.62,8.76,8.36,8.41,8.49,8.99,8.36,8.82,8.78,9.11,8.75,9.0,9.1
2023-01-30 00:00:00+00:00,8.55,8.85,8.55,8.66,8.62,8.76,8.36,8.41,8.49,8.99,8.36,8.82,8.78,9.11,8.75,9.0,8.96,9.46,8.89,9.1,9.63
2023-01-31 00:00:00+00:00,8.62,8.76,8.36,8.41,8.49,8.99,8.36,8.82,8.78,9.11,8.75,9.0,8.96,9.46,8.89,9.1,9.55,10.01,9.52,9.63,9.12
2023-02-01 00:00:00+00:00,8.49,8.99,8.36,8.82,8.78,9.11,8.75,9.0,8.96,9.46,8.89,9.1,9.55,10.01,9.52,9.63,9.63,9.64,9.11,9.12,9.76
2023-02-02 00:00:00+00:00,8.78,9.11,8.75,9.0,8.96,9.46,8.89,9.1,9.55,10.01,9.52,9.63,9.63,9.64,9.11,9.12,9.13,9.9,9.13,9.76,9.42
2023-02-03 00:00:00+00:00,8.96,9.46,8.89,9.1,9.55,10.01,9.52,9.63,9.63,9.64,9.11,9.12,9.13,9.9,9.13,9.76,9.66,9.94,9.42,9.42,9.73
2023-02-06 00:00:00+00:00,9.55,10.01,9.52,9.63,9.63,9.64,9.11,9.12,9.13,9.9,9.13,9.76,9.66,9.94,9.42,9.42,9.42,9.79,9.24,9.73,10.2
2023-02-07 00:00:00+00:00,9.63,9.64,9.11,9.12,9.13,9.9,9.13,9.76,9.66,9.94,9.42,9.42,9.42,9.79,9.24,9.73,9.7,10.32,9.63,10.2,9.82
2023-02-08 00:00:00+00:00,9.13,9.9,9.13,9.76,9.66,9.94,9.42,9.42,9.42,9.79,9.24,9.73,9.7,10.32,9.63,10.2,10.17,10.17,9.58,9.82,9.65
2023-02-09 00:00:00+00:00,9.66,9.94,9.42,9.42,9.42,9.79,9.24,9.73,9.7,10.32,9.63,10.2,10.17,10.17,9.58,9.82,9.8,9.83,9.5,9.65,9.72
2023-02-10 00:00:00+00:00,9.42,9.79,9.24,9.73,9.7,10.32,9.63,10.2,10.17,10.17,9.58,9.82,9.8,9.83,9.5,9.65,9.56,9.78,9.28,9.72,9.45
2023-02-13 00:00:00+00:00,9.7,10.32,9.63,10.2,10.17,10.17,9.58,9.82,9.8,9.83,9.5,9.65,9.56,9.78,9.28,9.72,9.72,9.73,9.37,9.45,9.79
2023-02-14 00:00:00+00:00,10.17,10.17,9.58,9.82,9.8,9.83,9.5,9.65,9.56,9.78,9.28,9.72,9.72,9.73,9.37,9.45,9.43,9.81,9.37,9.79,9.62
2023-02-15 00:00:00+00:00,9.8,9.83,9.5,9.65,9.56,9.78,9.28,9.72,9.72,9.73,9.37,9.45,9.43,9.81,9.37,9.79,9.82,10.31,9.6,9.62,10.13
2023-02-16 00:00:00+00:00,9.56,9.78,9.28,9.72,9.72,9.73,9.37,9.45,9.43,9.81,9.37,9.79,9.82,10.31,9.6,9.62,9.62,10.27,9.53,10.13,9.91
2023-02-17 00:00:00+00:00,9.72,9.73,9.37,9.45,9.43,9.81,9.37,9.79,9.82,10.31,9.6,9.62,9.62,10.27,9.53,10.13,10.13,10.5,9.8,9.91,9.15
2023-02-20 00:00:00+00:00,9.43,9.81,9.37,9.79,9.82,10.31,9.6,9.62,9.62,10.27,9.53,10.13,10.13,10.5,9.8,9.91,9.95,10.07,9.07,9.15,9.52
2023-02-21 00:00:00+00:00,9.82,10.31,9.6,9.62,9.62,10.27,9.53,10.13,10.13,10.5,9.8,9.91,9.95,10.07,9.07,9.15,9.15,9.74,9.12,9.52,9.82
2023-02-22 00:00:00+00:00,9.62,10.27,9.53,10.13,10.13,10.5,9.8,9.91,9.95,10.07,9.07,9.15,9.15,9.74,9.12,9.52,9.66,10.48,9.66,9.82,10.81
2023-02-23 00:00:00+00:00,10.13,10.5,9.8,9.91,9.95,10.07,9.07,9.15,9.15,9.74,9.12,9.52,9.66,10.48,9.66,9.82,10.27,10.81,10.17,10.81,10.84
2023-02-24 00:00:00+00:00,9.95,10.07,9.07,9.15,9.15,9.74,9.12,9.52,9.66,10.48,9.66,9.82,10.27,10.81,10.17,10.81,10.87,11.47,10.47,10.84,11.0
2023-02-27 00:00:00+00:00,9.15,9.74,9.12,9.52,9.66,10.48,9.66,9.82,10.27,10.81,10.17,10.81,10.87,11.47,10.47,10.84,10.84,11.11,10.26,11.0,10.53
2023-02-28 00:00:00+00:00,9.66,10.48,9.66,9.82,10.27,10.81,10.17,10.81,10.87,11.47,10.47,10.84,10.84,11.11,10.26,11.0,10.66,11.08,10.41,10.53,10.94
2023-03-01 00:00:00+00:00,10.27,10.81,10.17,10.81,10.87,11.47,10.47,10.84,10.84,11.11,10.26,11.0,10.66,11.08,10.41,10.53,10.87,11.26,10.54,10.94,11.88
2023-03-02 00:00:00+00:00,10.87,11.47,10.47,10.84,10.84,11.11,10.26,11.0,10.66,11.08,10.41,10.53,10.87,11.26,10.54,10.94,10.87,12.04,10.68,11.88,11.79
2023-03-03 00:00:00+00:00,10.84,11.11,10.26,11.0,10.66,11.08,10.41,10.53,10.87,11.26,10.54,10.94,10.87,12.04,10.68,11.88,11.67,12.25,11.6,11.79,11.6
2023-03-06 00:00:00+00:00,10.66,11.08,10.41,10.53,10.87,11.26,10.54,10.94,10.87,12.04,10.68,11.88,11.67,12.25,11.6,11.79,11.67,12.02,11.34,11.6,11.41
2023-03-07 00:00:00+00:00,10.87,11.26,10.54,10.94,10.87,12.04,10.68,11.88,11.67,12.25,11.6,11.79,11.67,12.02,11.34,11.6,11.64,11.71,11.2,11.41,11.49
2023-03-08 00:00:00+00:00,10.87,12.04,10.68,11.88,11.67,12.25,11.6,11.79,11.67,12.02,11.34,11.6,11.64,11.71,11.2,11.41,11.71,12.21,11.28,11.49,11.82
2023-03-09 00:00:00+00:00,11.67,12.25,11.6,11.79,11.67,12.02,11.34,11.6,11.64,11.71,11.2,11.41,11.71,12.21,11.28,11.49,11.42,12.03,11.42,11.82,11.29
2023-03-10 00:00:00+00:00,11.67,12.02,11.34,11.6,11.64,11.71,11.2,11.41,11.71,12.21,11.28,11.49,11.42,12.03,11.42,11.82,11.62,11.76,11.08,11.29,11.36
2023-03-13 00:00:00+00:00,11.64,11.71,11.2,11.41,11.71,12.21,11.28,11.49,11.42,12.03,11.42,11.82,11.62,11.76,11.08,11.29,11.03,11.83,10.99,11.36,12.14
2023-03-14 00:00:00+00:00,11.71,12.21,11.28,11.49,11.42,12.03,11.42,11.82,11.62,11.76,11.08,11.29,11.03,11.83,10.99,11.36,11.4,12.2,11.13,12.14,12.45
2023-03-15 00:00:00+00:00,11.42,12.03,11.42,11.82,11.62,11.76,11.08,11.29,11.03,11.83,10.99,11.36,11.4,12.2,11.13,12.14,12.04,12.78,11.87,12.45,12.17
2023-03-16 00:00:00+00:00,11.62,11.76,11.08,11.29,11.03,11.83,10.99,11.36,11.4,12.2,11.13,12.14,12.04,12.78,11.87,12.45,12.4,12.45,11.99,12.17,11.95
2023-03-17 00:00:00+00:00,11.03,11.83,10.99,11.36,11.4,12.2,11.13,12.14,12.04,12.78,11.87,12.45,12.4,12.45,11.99,12.17,12.02,12.32,11.72,11.95,12.54
2023-03-20 00:00:00+00:00,11.4,12.2,11.13,12.14,12.04,12.78,11.87,12.45,12.4,12.45,11.99,12.17,12.02,12.32,11.72,11.95,12.17,12.71,12.01,12.54,11.95
2023-03-21 00:00:00+00:00,12.04,12.78,11.87,12.45,12.4,12.45,11.99,12.17,12.02,12.32,11.72,11.95,12.17,12.71,12.01,12.54,12.65,12.94,11.88,11.95,11.92
2023-03-22 00:00:00+00:00,12.4,12.45,11.99,12.17,12.02,12.32,11.72,11.95,12.17,12.71,12.01,12.54,12.65,12.94,11.88,11.95,11.97,12.2,11.61,11.92,12.76
2023-03-23 00:00:00+00:00,12.02,12.32,11.72,11.95,12.17,12.71,12.01,12.54,12.65,12.94,11.88,11.95,11.97,12.2,11.61,11.92,11.92,13.01,11.84,12.76,12.81
2023-03-24 00:00:00+00:00,12.17,12.71,12.01,12.54,12.65,12.94,11.88,11.95,11.97,12.2,11.61,11.92,11.92,13.01,11.84,12.76,12.57,12.89,12.32,12.81,12.75
2023-03-27 00:00:00+00:00,12.65,12.94,11.88,11.95,11.97,12.2,11.61,11.92,11.92,13.01,11.84,12.76,12.57,12.89,12.32,12.81,12.67,13.0,12.38,12.75,12.28
2023-03-28 00:00:00+00:00,11.97,12.2,11.61,11.92,11.92,13.01,11.84,12.76,12.57,12.89,12.32,12.81,12.67,13.0,12.38,12.75,12.76,12.92,11.98,12.28,12.1
2023-03-29 00:00:00+00:00,11.92,13.01,11.84,12.76,12.57,12.89,12.32,12.81,12.67,13.0,12.38,12.75,12.76,12.92,11.98,12.28,12.15,12.33,11.62,12.1,11.28
2023-03-30 00:00:00+00:00,12.57,12.89,12.32,12.81,12.67,13.0,12.38,12.75,12.76,12.92,11.98,12.28,12.15,12.33,11.62,12.1,11.97,12.03,10.94,11.28,11.09
2023-03-31 00:00:00+00:00,12.67,13.0,12.38,12.75,12.76,12.92,11.98,12.28,12.15,12.33,11.62,12.1,11.97,12.03,10.94,11.28,11.16,11.37,10.99,11.09,11.21
2023-04-03 00:00:00+00:00,12.76,12.92,11.98,12.28,12.15,12.33,11.62,12.1,11.97,12.03,10.94,11.28,11.16,11.37,10.99,11.09,11.01,11.31,10.79,11.21,11.49
2023-04-04 00:00:00+00:00,12.15,12.33,11.62,12.1,11.97,12.03,10.94,11.28,11.16,11.37,10.99,11.09,11.01,11.31,10.79,11.21,11.12,11.55,10.88,11.49,11.72
2023-04-06 00:00:00+00:00,11.97,12.03,10.94,11.28,11.16,11.37,10.99,11.09,11.01,11.31,10.79,11.21,11.12,11.55,10.88,11.49,11.57,12.03,11.39,11.72,11.87
2023-04-07 00:00:00+00:00,11.16,11.37,10.99,11.09,11.01,11.31,10.79,11.21,11.12,11.55,10.88,11.49,11.57,12.03,11.39,11.72,11.47,12.17,11.2,11.87,11.66
2023-04-10 00:00:00+00:00,11.01,11.31,10.79,11.21,11.12,11.55,10.88,11.49,11.57,12.03,11.39,11.72,11.47,12.17,11.2,11.87,11.87,11.95,11.33,11.66,11.32
2023-04-11 00:00:00+00:00,11.12,11.55,10.88,11.49,11.57,12.03,11.39,11.72,11.47,12.17,11.2,11.87,11.87,11.95,11.33,11.66,11.81,12.15,11.24,11.32,11.67
2023-04-12 00:00:00+00:00,11.57,12.03,11.39,11.72,11.47,12.17,11.2,11.87,11.87,11.95,11.33,11.66,11.81,12.15,11.24,11.32,11.31,12.02,11.17,11.67,12.11
2023-04-13 00:00:00+00:00,11.47,12.17,11.2,11.87,11.87,11.95,11.33,11.66,11.81,12.15,11.24,11.32,11.31,12.02,11.17,11.67,11.66,12.37,11.59,12.11,11.65
2023-04-14 00:00:00+00:00,11.87,11.95,11.33,11.66,11.81,12.15,11.24,11.32,11.31,12.02,11.17,11.67,11.66,12.37,11.59,12.11,12.07,12.17,11.49,11.65,11.58
2023-04-17 00:00:00+00:00,11.81,12.15,11.24,11.32,11.31,12.02,11.17,11.67,11.66,12.37,11.59,12.11,12.07,12.17,11.49,11.65,11.69,12.04,11.43,11.58,11.24
2023-04-18 00:00:00+00:00,11.31,12.02,11.17,11.67,11.66,12.37,11.59,12.11,12.07,12.17,11.49,11.65,11.69,12.04,11.43,11.58,11.47,11.47,11.14,11.24,11.07
2023-04-19 00:00:00+00:00,11.66,12.37,11.59,12.11,12.07,12.17,11.49,11.65,11.69,12.04,11.43,11.58,11.47,11.47,11.14,11.24,11.24,11.27,10.69,11.07,11.0
2023-04-20 00:00:00+00:00,12.07,12.17,11.49,11.65,11.69,12.04,11.43,11.58,11.47,11.47,11.14,11.24,11.24,11.27,10.69,11.07,11.03,11.38,10.95,11.0,11.61
2023-04-21 00:00:00+00:00,11.69,12.04,11.43,11.58,11.47,11.47,11.14,11.24,11.24,11.27,10.69,11.07,11.03,11.38,10.95,11.0,11.37,12.08,11.33,11.61,10.45
2023-04-24 00:00:00+00:00,11.47,11.47,11.14,11.24,11.24,11.27,10.69,11.07,11.03,11.38,10.95,11.0,11.37,12.08,11.33,11.61,11.34,11.38,10.45,10.45,10.25
2023-04-25 00:00:00+00:00,11.24,11.27,10.69,11.07,11.03,11.38,10.95,11.0,11.37,12.08,11.33,11.61,11.34,11.38,10.45,10.45,10.36,10.58,10.17,10.25,10.13
2023-04-26 00:00:00+00:00,11.03,11.38,10.95,11.0,11.37,12.08,11.33,11.61,11.34,11.38,10.45,10.45,10.36,10.58,10.17,10.25,10.22,10.37,9.99,10.13,9.67
2023-04-27 00:00:00+00:00,11.37,12.08,11.33,11.61,11.34,11.38,10.45,10.45,10.36,10.58,10.17,10.25,10.22,10.37,9.99,10.13,10.01,10.2,9.58,9.67,9.71
2023-04-28 00:00:00+00:00,11.34,11.38,10.45,10.45,10.36,10.58,10.17,10.25,10.22,10.37,9.99,10.13,10.01,10.2,9.58,9.67,9.59,9.94,9.59,9.71,9.9
2023-05-04 00:00:00+00:00,10.36,10.58,10.17,10.25,10.22,10.37,9.99,10.13,10.01,10.2,9.58,9.67,9.59,9.94,9.59,9.71,9.68,10.02,9.68,9.9,9.66
2023-05-05 00:00:00+00:00,10.22,10.37,9.99,10.13,10.01,10.2,9.58,9.67,9.59,9.94,9.59,9.71,9.68,10.02,9.68,9.9,9.85,9.95,9.37,9.66,9.91
2023-05-08 00:00:00+00:00,10.01,10.2,9.58,9.67,9.59,9.94,9.59,9.71,9.68,10.02,9.68,9.9,9.85,9.95,9.37,9.66,9.68,10.02,9.52,9.91,10.29
2023-05-09 00:00:00+00:00,9.59,9.94,9.59,9.71,9.68,10.02,9.68,9.9,9.85,9.95,9.37,9.66,9.68,10.02,9.52,9.91,9.84,10.42,9.7,10.29,10.12
2023-05-10 00:00:00+00:00,9.68,10.02,9.68,9.9,9.85,9.95,9.37,9.66,9.68,10.02,9.52,9.91,9.84,10.42,9.7,10.29,10.22,10.5,10.11,10.12,10.09
2023-05-11 00:00:00+00:00,9.85,9.95,9.37,9.66,9.68,10.02,9.52,9.91,9.84,10.42,9.7,10.29,10.22,10.5,10.11,10.12,10.04,10.21,9.92,10.09,9.95
2023-05-12 00:00:00+00:00,9.68,10.02,9.52,9.91,9.84,10.42,9.7,10.29,10.22,10.5,10.11,10.12,10.04,10.21,9.92,10.09,10.14,10.23,9.89,9.95,9.77
2023-05-15 00:00:00+00:00,9.84,10.42,9.7,10.29,10.22,10.5,10.11,10.12,10.04,10.21,9.92,10.09,10.14,10.23,9.89,9.95,9.95,10.02,9.76,9.77,9.77
2023-05-16 00:00:00+00:00,10.22,10.5,10.11,10.12,10.04,10.21,9.92,10.09,10.14,10.23,9.89,9.95,9.95,10.02,9.76,9.77,9.76,9.83,9.56,9.77,9.36
2023-05-17 00:00:00+00:00,10.04,10.21,9.92,10.09,10.14,10.23,9.89,9.95,9.95,10.02,9.76,9.77,9.76,9.83,9.56,9.77,9.78,9.84,9.31,9.36,9.43
2023-05-18 00:00:00+00:00,10.14,10.23,9.89,9.95,9.95,10.02,9.76,9.77,9.76,9.83,9.56,9.77,9.78,9.84,9.31,9.36,9.33,9.49,9.25,9.43,9.52
2023-05-19 00:00:00+00:00,9.95,10.02,9.76,9.77,9.76,9.83,9.56,9.77,9.78,9.84,9.31,9.36,9.33,9.49,9.25,9.43,9.47,9.58,9.35,9.52,9.42
2023-05-22 00:00:00+00:00,9.76,9.83,9.56,9.77,9.78,9.84,9.31,9.36,9.33,9.49,9.25,9.43,9.47,9.58,9.35,9.52,9.47,9.55,9.34,9.42,9.27
2023-05-23 00:00:00+00:00,9.78,9.84,9.31,9.36,9.33,9.49,9.25,9.43,9.47,9.58,9.35,9.52,9.47,9.55,9.34,9.42,9.39,9.45,9.22,9.27,9.14
2023-05-24 00:00:00+00:00,9.33,9.49,9.25,9.43,9.47,9.58,9.35,9.52,9.47,9.55,9.34,9.42,9.39,9.45,9.22,9.27,9.34,9.34,9.08,9.14,9.04
2023-05-25 00:00:00+00:00,9.47,9.58,9.35,9.52,9.47,9.55,9.34,9.42,9.39,9.45,9.22,9.27,9.34,9.34,9.08,9.14,9.14,9.2,9.0,9.04,8.99
2023-05-26 00:00:00+00:00,9.47,9.55,9.34,9.42,9.39,9.45,9.22,9.27,9.34,9.34,9.08,9.14,9.14,9.2,9.0,9.04,9.02,9.18,8.83,8.99,9.11
2023-05-29 00:00:00+00:00,9.39,9.45,9.22,9.27,9.34,9.34,9.08,9.14,9.14,9.2,9.0,9.04,9.02,9.18,8.83,8.99,9.02,9.14,8.9,9.11,9.33
2023-05-30 00:00:00+00:00,9.34,9.34,9.08,9.14,9.14,9.2,9.0,9.04,9.02,9.18,8.83,8.99,9.02,9.14,8.9,9.11,9.16,9.42,9.11,9.33,9.47
2023-05-31 00:00:00+00:00,9.14,9.2,9.0,9.04,9.02,9.18,8.83,8.99,9.02,9.14,8.9,9.11,9.16,9.42,9.11,9.33,9.33,9.49,9.07,9.47,9.9
2023-06-01 00:00:00+00:00,9.02,9.18,8.83,8.99,9.02,9.14,8.9,9.11,9.16,9.42,9.11,9.33,9.33,9.49,9.07,9.47,9.47,9.92,9.46,9.9,9.84
2023-06-02 00:00:00+00:00,9.02,9.14,8.9,9.11,9.16,9.42,9.11,9.33,9.33,9.49,9.07,9.47,9.47,9.92,9.46,9.9,9.84,9.91,9.67,9.84,10.07
2023-06-05 00:00:00+00:00,9.16,9.42,9.11,9.33,9.33,9.49,9.07,9.47,9.47,9.92,9.46,9.9,9.84,9.91,9.67,9.84,9.87,10.21,9.81,10.07,10.22
2023-06-06 00:00:00+00:00,9.33,9.49,9.07,9.47,9.47,9.92,9.46,9.9,9.84,9.91,9.67,9.84,9.87,10.21,9.81,10.07,10.1,10.27,10.01,10.22,10.1
2023-06-07 00:00:00+00:00,9.47,9.92,9.46,9.9,9.84,9.91,9.67,9.84,9.87,10.21,9.81,10.07,10.1,10.27,10.01,10.22,10.21,10.51,10.05,10.1,10.29
2023-06-08 00:00:00+00:00,9.84,9.91,9.67,9.84,9.87,10.21,9.81,10.07,10.1,10.27,10.01,10.22,10.21,10.51,10.05,10.1,10.1,10.45,10.09,10.29,10.47
2023-06-09 00:00:00+00:00,9.87,10.21,9.81,10.07,10.1,10.27,10.01,10.22,10.21,10.51,10.05,10.1,10.1,10.45,10.09,10.29,10.33,10.84,10.3,10.47,11.52
2023-06-12 00:00:00+00:00,10.1,10.27,10.01,10.22,10.21,10.51,10.05,10.1,10.1,10.45,10.09,10.29,10.33,10.84,10.3,10.47,10.37,11.52,10.33,11.52,12.67
2023-06-13 00:00:00+00:00,10.21,10.51,10.05,10.1,10.1,10.45,10.09,10.29,10.33,10.84,10.3,10.47,10.37,11.52,10.33,11.52,11.61,12.67,11.52,12.67,13.02
2023-06-14 00:00:00+00:00,10.1,10.45,10.09,10.29,10.33,10.84,10.3,10.47,10.37,11.52,10.33,11.52,11.61,12.67,11.52,12.67,12.92,13.89,12.44,13.02,13.44
2023-06-15 00:00:00+00:00,10.33,10.84,10.3,10.47,10.37,11.52,10.33,11.52,11.61,12.67,11.52,12.67,12.92,13.89,12.44,13.02,12.82,13.62,12.77,13.44,14.22
2023-06-16 00:00:00+00:00,10.37,11.52,10.33,11.52,11.61,12.67,11.52,12.67,12.92,13.89,12.44,13.02,12.82,13.62,12.77,13.44,13.15,14.56,13.13,14.22,15.65
2023-06-19 00:00:00+00:00,11.61,12.67,11.52,12.67,12.92,13.89,12.44,13.02,12.82,13.62,12.77,13.44,13.15,14.56,13.13,14.22,13.93,15.65,13.69,15.65,16.33
2023-06-20 00:00:00+00:00,12.92,13.89,12.44,13.02,12.82,13.62,12.77,13.44,13.15,14.56,13.13,14.22,13.93,15.65,13.69,15.65,17.21,17.21,15.43,16.33,17.11
2023-06-21 00:00:00+00:00,12.82,13.62,12.77,13.44,13.15,14.56,13.13,14.22,13.93,15.65,13.69,15.65,17.21,17.21,15.43,16.33,16.01,17.74,15.69,17.11,15.77
2023-06-26 00:00:00+00:00,13.15,14.56,13.13,14.22,13.93,15.65,13.69,15.65,17.21,17.21,15.43,16.33,16.01,17.74,15.69,17.11,16.75,17.19,15.47,15.77,14.95
2023-06-27 00:00:00+00:00,13.93,15.65,13.69,15.65,17.21,17.21,15.43,16.33,16.01,17.74,15.69,17.11,16.75,17.19,15.47,15.77,15.56,15.98,14.46,14.95,15.77
2023-06-28 00:00:00+00:00,17.21,17.21,15.43,16.33,16.01,17.74,15.69,17.11,16.75,17.19,15.47,15.77,15.56,15.98,14.46,14.95,15.04,16.26,14.86,15.77,14.19
2023-06-29 00:00:00+00:00,16.01,17.74,15.69,17.11,16.75,17.19,15.47,15.77,15.56,15.98,14.46,14.95,15.04,16.26,14.86,15.77,15.06,15.39,14.19,14.19,14.4
2023-06-30 00:00:00+00:00,16.75,17.19,15.47,15.77,15.56,15.98,14.46,14.95,15.04,16.26,14.86,15.77,15.06,15.39,14.19,14.19,14.03,14.8,13.79,14.4,15.06
2023-07-03 00:00:00+00:00,15.56,15.98,14.46,14.95,15.04,16.26,14.86,15.77,15.06,15.39,14.19,14.19,14.03,14.8,13.79,14.4,14.6,15.33,13.3,15.06,14.53
2023-07-04 00:00:00+00:00,15.04,16.26,14.86,15.77,15.06,15.39,14.19,14.19,14.03,14.8,13.79,14.4,14.6,15.33,13.3,15.06,15.0,15.1,13.74,14.53,15.13
2023-07-05 00:00:00+00:00,15.06,15.39,14.19,14.19,14.03,14.8,13.79,14.4,14.6,15.33,13.3,15.06,15.0,15.1,13.74,14.53,14.55,15.31,14.27,15.13,14.65
2023-07-06 00:00:00+00:00,14.03,14.8,13.79,14.4,14.6,15.33,13.3,15.06,15.0,15.1,13.74,14.53,14.55,15.31,14.27,15.13,15.37,15.5,14.49,14.65,14.43
2023-07-07 00:00:00+00:00,14.6,15.33,13.3,15.06,15.0,15.1,13.74,14.53,14.55,15.31,14.27,15.13,15.37,15.5,14.49,14.65,14.51,15.08,14.35,14.43,13.99
2023-07-10 00:00:00+00:00,15.0,15.1,13.74,14.53,14.55,15.31,14.27,15.13,15.37,15.5,14.49,14.65,14.51,15.08,14.35,14.43,14.19,14.29,13.2,13.99,13.8
2023-07-11 00:00:00+00:00,14.55,15.31,14.27,15.13,15.37,15.5,14.49,14.65,14.51,15.08,14.35,14.43,14.19,14.29,13.2,13.99,14.03,14.1,13.6,13.8,13.49
2023-07-12 00:00:00+00:00,15.37,15.5,14.49,14.65,14.51,15.08,14.35,14.43,14.19,14.29,13.2,13.99,14.03,14.1,13.6,13.8,13.86,13.9,13.43,13.49,12.68
2023-07-13 00:00:00+00:00,14.51,15.08,14.35,14.43,14.19,14.29,13.2,13.99,14.03,14.1,13.6,13.8,13.86,13.9,13.43,13.49,13.49,13.6,12.64,12.68,12.89
2023-07-14 00:00:00+00:00,14.19,14.29,13.2,13.99,14.03,14.1,13.6,13.8,13.86,13.9,13.43,13.49,13.49,13.6,12.64,12.68,12.8,12.96,12.34,12.89,13.84
2023-07-17 00:00:00+00:00,14.03,14.1,13.6,13.8,13.86,13.9,13.43,13.49,13.49,13.6,12.64,12.68,12.8,12.96,12.34,12.89,13.0,14.18,13.0,13.84,14.75
2023-07-18 00:00:00+00:00,13.86,13.9,13.43,13.49,13.49,13.6,12.64,12.68,12.8,12.96,12.34,12.89,13.0,14.18,13.0,13.84,13.95,15.22,13.95,14.75,14.19
2023-07-19 00:00:00+00:00,13.49,13.6,12.64,12.68,12.8,12.96,12.34,12.89,13.0,14.18,13.0,13.84,13.95,15.22,13.95,14.75,14.89,14.89,14.11,14.19,13.92
2023-07-20 00:00:00+00:00,12.8,12.96,12.34,12.89,13.0,14.18,13.0,13.84,13.95,15.22,13.95,14.75,14.89,14.89,14.11,14.19,14.49,14.49,13.75,13.92,13.3
2023-07-21 00:00:00+00:00,13.0,14.18,13.0,13.84,13.95,15.22,13.95,14.75,14.89,14.89,14.11,14.19,14.49,14.49,13.75,13.92,14.19,14.19,13.17,13.3,13.42
2023-07-24 00:00:00+00:00,13.95,15.22,13.95,14.75,14.89,14.89,14.11,14.19,14.49,14.49,13.75,13.92,14.19,14.19,13.17,13.3,13.26,13.89,12.98,13.42,14.76
2023-07-25 00:00:00+00:00,14.89,14.89,14.11,14.19,14.49,14.49,13.75,13.92,14.19,14.19,13.17,13.3,13.26,13.89,12.98,13.42,13.42,14.76,13.42,14.76,14.9
2023-07-26 00:00:00+00:00,14.49,14.49,13.75,13.92,14.19,14.19,13.17,13.3,13.26,13.89,12.98,13.42,13.42,14.76,13.42,14.76,15.66,15.66,14.71,14.9,14.27
2023-07-27 00:00:00+00:00,14.19,14.19,13.17,13.3,13.26,13.89,12.98,13.42,13.42,14.76,13.42,14.76,15.66,15.66,14.71,14.9,14.91,15.1,14.2,14.27,13.59
2023-07-28 00:00:00+00:00,13.26,13.89,12.98,13.42,13.42,14.76,13.42,14.76,15.66,15.66,14.71,14.9,14.91,15.1,14.2,14.27,14.25,14.33,13.46,13.59,13.1
2023-07-31 00:00:00+00:00,13.42,14.76,13.42,14.76,15.66,15.66,14.71,14.9,14.91,15.1,14.2,14.27,14.25,14.33,13.46,13.59,13.33,13.67,13.04,13.1,13.23
2023-08-01 00:00:00+00:00,15.66,15.66,14.71,14.9,14.91,15.1,14.2,14.27,14.25,14.33,13.46,13.59,13.33,13.67,13.04,13.1,13.1,13.58,12.75,13.23,12.95
2023-08-02 00:00:00+00:00,14.91,15.1,14.2,14.27,14.25,14.33,13.46,13.59,13.33,13.67,13.04,13.1,13.1,13.58,12.75,13.23,13.23,13.35,12.49,12.95,12.97
2023-08-03 00:00:00+00:00,14.25,14.33,13.46,13.59,13.33,13.67,13.04,13.1,13.1,13.58,12.75,13.23,13.23,13.35,12.49,12.95,12.84,13.07,12.7,12.97,12.85
2023-08-04 00:00:00+00:00,13.33,13.67,13.04,13.1,13.1,13.58,12.75,13.23,13.23,13.35,12.49,12.95,12.84,13.07,12.7,12.97,12.83,13.2,12.71,12.85,13.45
2023-08-07 00:00:00+00:00,13.1,13.58,12.75,13.23,13.23,13.35,12.49,12.95,12.84,13.07,12.7,12.97,12.83,13.2,12.71,12.85,12.77,13.55,12.72,13.45,13.92
2023-08-08 00:00:00+00:00,13.23,13.35,12.49,12.95,12.84,13.07,12.7,12.97,12.83,13.2,12.71,12.85,12.77,13.55,12.72,13.45,13.55,14.68,13.53,13.92,13.9
2023-08-09 00:00:00+00:00,12.84,13.07,12.7,12.97,12.83,13.2,12.71,12.85,12.77,13.55,12.72,13.45,13.55,14.68,13.53,13.92,14.18,14.48,13.8,13.9,13.0
2023-08-10 00:00:00+00:00,12.83,13.2,12.71,12.85,12.77,13.55,12.72,13.45,13.55,14.68,13.53,13.92,14.18,14.48,13.8,13.9,13.83,14.0,12.97,13.0,13.4
2023-08-11 00:00:00+00:00,12.77,13.55,12.72,13.45,13.55,14.68,13.53,13.92,14.18,14.48,13.8,13.9,13.83,14.0,12.97,13.0,12.9,13.78,12.84,13.4,13.05
2023-08-14 00:00:00+00:00,13.55,14.68,13.53,13.92,14.18,14.48,13.8,13.9,13.83,14.0,12.97,13.0,12.9,13.78,12.84,13.4,13.33,13.62,13.0,13.05,13.94
2023-08-15 00:00:00+00:00,14.18,14.48,13.8,13.9,13.83,14.0,12.97,13.0,12.9,13.78,12.84,13.4,13.33,13.62,13.0,13.05,12.74,13.94,12.7,13.94,13.72
2023-08-16 00:00:00+00:00,13.83,14.0,12.97,13.0,12.9,13.78,12.84,13.4,13.33,13.62,13.0,13.05,12.74,13.94,12.7,13.94,13.91,14.08,13.46,13.72,14.65
2023-08-17 00:00:00+00:00,12.9,13.78,12.84,13.4,13.33,13.62,13.0,13.05,12.74,13.94,12.7,13.94,13.91,14.08,13.46,13.72,14.3,15.09,13.66,14.65,16.12
2023-08-18 00:00:00+00:00,13.33,13.62,13.0,13.05,12.74,13.94,12.7,13.94,13.91,14.08,13.46,13.72,14.3,15.09,13.66,14.65,14.3,16.12,14.18,16.12,15.39
2023-08-21 00:00:00+00:00,12.74,13.94,12.7,13.94,13.91,14.08,13.46,13.72,14.3,15.09,13.66,14.65,14.3,16.12,14.18,16.12,16.19,16.27,15.37,15.39,15.53
2023-08-22 00:00:00+00:00,13.91,14.08,13.46,13.72,14.3,15.09,13.66,14.65,14.3,16.12,14.18,16.12,16.19,16.27,15.37,15.39,15.45,16.12,15.23,15.53,17.08
2023-08-23 00:00:00+00:00,14.3,15.09,13.66,14.65,14.3,16.12,14.18,16.12,16.19,16.27,15.37,15.39,15.45,16.12,15.23,15.53,16.02,17.08,15.68,17.08,16.72
2023-08-24 00:00:00+00:00,14.3,16.12,14.18,16.12,16.19,16.27,15.37,15.39,15.45,16.12,15.23,15.53,16.02,17.08,15.68,17.08,16.81,17.65,16.46,16.72,15.3
2023-08-25 00:00:00+00:00,16.19,16.27,15.37,15.39,15.45,16.12,15.23,15.53,16.02,17.08,15.68,17.08,16.81,17.65,16.46,16.72,16.71,17.11,15.1,15.3,14.4
2023-08-28 00:00:00+00:00,15.45,16.12,15.23,15.53,16.02,17.08,15.68,17.08,16.81,17.65,16.46,16.72,16.71,17.11,15.1,15.3,14.76,15.21,14.28,14.4,14.79
2023-08-29 00:00:00+00:00,16.02,17.08,15.68,17.08,16.81,17.65,16.46,16.72,16.71,17.11,15.1,15.3,14.76,15.21,14.28,14.4,15.32,15.55,14.66,14.79,15.81
2023-08-30 00:00:00+00:00,16.81,17.65,16.46,16.72,16.71,17.11,15.1,15.3,14.76,15.21,14.28,14.4,15.32,15.55,14.66,14.79,14.79,16.05,14.79,15.81,16.39
2023-08-31 00:00:00+00:00,16.71,17.11,15.1,15.3,14.76,15.21,14.28,14.4,15.32,15.55,14.66,14.79,14.79,16.05,14.79,15.81,15.73,16.61,15.42,16.39,15.73
2023-09-01 00:00:00+00:00,14.76,15.21,14.28,14.4,15.32,15.55,14.66,14.79,14.79,16.05,14.79,15.81,15.73,16.61,15.42,16.39,16.01,16.06,15.55,15.73,15.74
2023-09-04 00:00:00+00:00,15.32,15.55,14.66,14.79,14.79,16.05,14.79,15.81,15.73,16.61,15.42,16.39,16.01,16.06,15.55,15.73,15.88,16.18,15.37,15.74,15.75
2023-09-05 00:00:00+00:00,14.79,16.05,14.79,15.81,15.73,16.61,15.42,16.39,16.01,16.06,15.55,15.73,15.88,16.18,15.37,15.74,15.62,15.81,15.21,15.75,14.92
2023-09-06 00:00:00+00:00,15.73,16.61,15.42,16.39,16.01,16.06,15.55,15.73,15.88,16.18,15.37,15.74,15.62,15.81,15.21,15.75,15.63,15.63,14.8,14.92,14.72
2023-09-07 00:00:00+00:00,16.01,16.06,15.55,15.73,15.88,16.18,15.37,15.74,15.62,15.81,15.21,15.75,15.63,15.63,14.8,14.92,14.65,14.86,14.31,14.72,14.41
